table_name,column_name,udt_name,foreign_table_name,key_name
covid19,record_id,int8,covid19,record_id
falha_envio,id_falha_envio,int8,falha_envio,id_falha_envio
log_notificacao,id,int4,log_notificacao,id
notificacao,id,int4,notificacao,id
parametro,id_parametro,int8,parametro,id_parametro
municipio,co_municipio,varchar,municipio,co_municipio
regional,co_regional,varchar,regional,co_regional
pais,co_pais,varchar,pais,co_pais
estado,co_uf,varchar,estado,co_uf
termo,id,int4,termo,id
usuario,id_usuario,int8,usuario,id_usuario
user,id,int4,user,id
user,email,varchar,user,email
informativo,id_informativo,int2,informativo,id_informativo
resultado_gal_sivep,id_resultado_gal_sivep,int8,resultado_gal_sivep,id_resultado_gal_sivep
alerta,id,int2,alerta,id
exame_metodo_resultado,id_exame_metodo_resultado,int4,exame_metodo_resultado,id_exame_metodo_resultado
log_api,id,int4,log_api,id
surto,id_surto,int4,surto,id_surto
resultado_gal_script,id_resultado_gal_script,int8,resultado_gal_script,id_resultado_gal_script
termo_instituicao,id,int8,termo_instituicao,id
posto_coleta,id,int8,posto_coleta,id
contato,id,int4,contato,id
monitoramento,id,int4,monitoramento,id
monitoramento,id_contato,int4,monitoramento,id_contato
monitoramento,id_notificacao,int4,monitoramento,id_notificacao
monitoramento_contato,id,int4,monitoramento_contato,id
monitoramento_contato,id_monitoramento,int4,monitoramento_contato,id_monitoramento
estabelecimento,cnes,varchar,estabelecimento,cnes
databasechangeloglock,id,int4,databasechangeloglock,id
equipe_monitoramento,id,int2,equipe_monitoramento,id
core_user,id,int4,core_user,id
core_user,email,varchar,core_user,email
escolaridade,id,int2,escolaridade,id
instituicao_ensino,id,int4,instituicao_ensino,id
notificacao,ibge_residencia,varchar,notificacao,ibge_residencia
cbo_monitoramento,id,int4,cbo_monitoramento,id
classificacao_final,id,int4,classificacao_final,id
classificacao_monitoramento,id,int4,classificacao_monitoramento,id
criterio_classificacao,id,int4,criterio_classificacao,id
evolucao,id,int4,evolucao,id
metabase_database,id,int4,metabase_database,id
evolucao_monitoramento,id,int4,evolucao_monitoramento,id
metabase_table,id,int4,metabase_table,id
metabase_field,id,int4,metabase_field,id
febre,id,int4,febre,id
local_contato,id,int4,local_contato,id
local_contato_confirmado,id,int4,local_contato_confirmado,id
local_contato_suspeito,id,int4,local_contato_suspeito,id
metabase_fieldvalues,id,int4,metabase_fieldvalues,id
local_surto,id,int4,local_surto,id
metodo,id,varchar,metodo,id
ocupacao,id,int4,ocupacao,id
origem,id,int4,origem,id
periodo_gestacao,id,int4,periodo_gestacao,id
raca_cor,id,int4,raca_cor,id
raiox_torax,id,int4,raiox_torax,id
resultado,id,int4,resultado,id
sexo,id,int4,sexo,id
report_card,id,int4,report_card,id
sim_nao,id,int4,sim_nao,id
sintoma_contato,id,int4,sintoma_contato,id
report_cardfavorite,id,int4,report_cardfavorite,id
situacao_monitoramento,id,int4,situacao_monitoramento,id
situacao_trabalho,id,int4,situacao_trabalho,id
report_cardfavorite,card_id,int4,report_cardfavorite,card_id
report_cardfavorite,owner_id,int4,report_cardfavorite,owner_id
report_dashboard,id,int4,report_dashboard,id
status,id,int4,status,id
status_monitoramento,id,int4,status_monitoramento,id
report_dashboardcard,id,int4,report_dashboardcard,id
tipo_contato,id,int4,tipo_contato,id
tipo_internacao,id,int4,tipo_internacao,id
tipo_paciente,id,int4,tipo_paciente,id
tipo_paciente_institucionalizado,id,int4,tipo_paciente_institucionalizado,id
tomografia,id,int4,tomografia,id
uso_antiviral,id,int4,uso_antiviral,id
notificacao,mialgia,int4,notificacao,mialgia
notificacao,dor_garganta,int4,notificacao,dor_garganta
notificacao,tosse,int4,notificacao,tosse
notificacao,gestante,int4,notificacao,gestante
notificacao,possui_cpf,int4,notificacao,possui_cpf
notificacao,artralgia,int4,notificacao,artralgia
notificacao,diarreia,int4,notificacao,diarreia
pesquisa_gal,id,int4,pesquisa_gal,id
etnia,co_etnia,int4,etnia,co_etnia
notificacao,nausea_vomitos,int4,notificacao,nausea_vomitos
notificacao,cefaleia,int4,notificacao,cefaleia
notificacao,coriza,int4,notificacao,coriza
notificacao,irritabilidade_confusao,int4,notificacao,irritabilidade_confusao
notificacao,adinamia,int4,notificacao,adinamia
notificacao,escarro,int4,notificacao,escarro
notificacao,calafrios,int4,notificacao,calafrios
notificacao,congestao_nasal,int4,notificacao,congestao_nasal
notificacao,congestao_conjuntiva,int4,notificacao,congestao_conjuntiva
notificacao,dificuldade_deglutir,int4,notificacao,dificuldade_deglutir
notificacao,manchas_vermelhas,int4,notificacao,manchas_vermelhas
notificacao,ganglios_linfaticos,int4,notificacao,ganglios_linfaticos
notificacao,asas_nasais,int4,notificacao,asas_nasais
notificacao,saturacao_o2,int4,notificacao,saturacao_o2
core_session,id,varchar,core_session,id
notificacao,cianose,int4,notificacao,cianose
setting,key,varchar,setting,key
notificacao,tiragem_intercostal,int4,notificacao,tiragem_intercostal
revision,id,int4,revision,id
notificacao,dispneia,int4,notificacao,dispneia
notificacao,tomografia,int4,notificacao,tomografia
notificacao,doenca_cardiovascular,int4,notificacao,doenca_cardiovascular
activity,id,int4,activity,id
notificacao,hipertensao,int4,notificacao,hipertensao
view_log,id,int4,view_log,id
notificacao,diabetes,int4,notificacao,diabetes
data_migrations,id,varchar,data_migrations,id
pulse,id,int4,pulse,id
notificacao,doenca_hepatica,int4,notificacao,doenca_hepatica
pulse_card,id,int4,pulse_card,id
notificacao,doenca_neurologica,int4,notificacao,doenca_neurologica
notificacao,sindrome_down,int4,notificacao,sindrome_down
pulse_channel,id,int4,pulse_channel,id
pulse_channel_recipient,id,int4,pulse_channel_recipient,id
notificacao,imunodeficiencia,int4,notificacao,imunodeficiencia
segment,id,int4,segment,id
notificacao,infeccao_hiv,int4,notificacao,infeccao_hiv
notificacao,doenca_renal,int4,notificacao,doenca_renal
dependency,id,int4,dependency,id
metric,id,int4,metric,id
notificacao,doenca_pulmonar,int4,notificacao,doenca_pulmonar
notificacao,puerperio,int4,notificacao,puerperio
dashboardcard_series,id,int4,dashboardcard_series,id
notificacao,obesidade,int4,notificacao,obesidade
notificacao,tabagismo,int4,notificacao,tabagismo
label,id,int4,label,id
label,slug,varchar,label,slug
card_label,id,int4,card_label,id
notificacao,hospitalizado,int4,notificacao,hospitalizado
notificacao,internacao_sus,int4,notificacao,internacao_sus
card_label,card_id,int4,card_label,card_id
card_label,label_id,int4,card_label,label_id
notificacao,coleta_amostra,int4,notificacao,coleta_amostra
notificacao,historico_viagem,int4,notificacao,historico_viagem
monitoramento,evolucao,int4,monitoramento,evolucao
monitoramento,id_contato,int4,monitoramento,id_contato
monitoramento,status,int4,monitoramento,status
monitoramento,ocupacao,int4,monitoramento,ocupacao
monitoramento_contato,situacao,int4,monitoramento_contato,situacao
metric_important_field,id,int4,metric_important_field,id
monitoramento_contato,usuario,int4,monitoramento_contato,usuario
monitoramento_contato,febre,int4,monitoramento_contato,febre
metric_important_field,metric_id,int4,metric_important_field,metric_id
metric_important_field,field_id,int4,metric_important_field,field_id
permissions_group,id,int4,permissions_group,id
permissions_group,name,varchar,permissions_group,name
permissions_group_membership,id,int4,permissions_group_membership,id
notificacao,uf_unidade_notifica,varchar,notificacao,uf_unidade_notifica
exame,id,varchar,exame,id
permissions_group_membership,user_id,int4,permissions_group_membership,user_id
permissions_group_membership,group_id,int4,permissions_group_membership,group_id
permissions,id,int4,permissions,id
permissions,group_id,int4,permissions,group_id
permissions,object,varchar,permissions,object
permissions_revision,id,int4,permissions_revision,id
notificacao,contato_suspeito,int4,notificacao,contato_suspeito
collection,id,int4,collection,id
notificacao,contato_confirmado,int4,notificacao,contato_confirmado
notificacao,frequentou_unidade,int4,notificacao,frequentou_unidade
collection_revision,id,int4,collection_revision,id
notificacao,excluir_ficha,int4,notificacao,excluir_ficha
report_card,public_uuid,bpchar,report_card,public_uuid
notificacao,gestante_alto_risco,int4,notificacao,gestante_alto_risco
report_dashboard,public_uuid,bpchar,report_dashboard,public_uuid
notificacao,assintomatico,int4,notificacao,assintomatico
query_execution,id,int4,query_execution,id
query_cache,query_hash,bytea,query_cache,query_hash
query,query_hash,bytea,query,query_hash
dashboard_favorite,id,int4,dashboard_favorite,id
dashboard_favorite,user_id,int4,dashboard_favorite,user_id
dashboard_favorite,dashboard_id,int4,dashboard_favorite,dashboard_id
dashboard_favorite,user_id,int4,dashboard_favorite,user_id
dashboard_favorite,dashboard_id,int4,dashboard_favorite,dashboard_id
dimension,id,int4,dimension,id
dimension,human_readable_field_id,int4,dimension,human_readable_field_id
dimension,field_id,int4,dimension,field_id
dimension,field_id,int4,dimension,field_id
dimension,name,varchar,dimension,name
computation_job,id,int4,computation_job,id
notificacao,perda_olfato_paladar,int4,notificacao,perda_olfato_paladar
computation_job_result,id,int4,computation_job_result,id
notificacao,doenca_trabalho,int4,notificacao,doenca_trabalho
group_table_access_policy,id,int4,group_table_access_policy,id
group_table_access_policy,group_id,int4,group_table_access_policy,group_id
group_table_access_policy,table_id,int4,group_table_access_policy,table_id
notificacao,tipo_paciente,int4,notificacao,tipo_paciente
group_table_access_policy,table_id,int4,group_table_access_policy,table_id
group_table_access_policy,group_id,int4,group_table_access_policy,group_id
notificacao,pais_residencia,varchar,notificacao,pais_residencia
notificacao,sexo,int4,notificacao,sexo
collection,personal_owner_id,int4,collection,personal_owner_id
qrtz_job_details,sched_name,varchar,qrtz_job_details,sched_name
qrtz_job_details,job_name,varchar,qrtz_job_details,job_name
qrtz_job_details,job_group,varchar,qrtz_job_details,job_group
qrtz_triggers,sched_name,varchar,qrtz_triggers,sched_name
qrtz_triggers,trigger_name,varchar,qrtz_triggers,trigger_name
qrtz_triggers,trigger_group,varchar,qrtz_triggers,trigger_group
qrtz_triggers,sched_name,varchar,qrtz_triggers,sched_name
qrtz_triggers,job_name,varchar,qrtz_triggers,job_name
qrtz_triggers,job_group,varchar,qrtz_triggers,job_group
qrtz_simple_triggers,sched_name,varchar,qrtz_simple_triggers,sched_name
qrtz_simple_triggers,trigger_name,varchar,qrtz_simple_triggers,trigger_name
qrtz_simple_triggers,trigger_group,varchar,qrtz_simple_triggers,trigger_group
qrtz_simple_triggers,sched_name,varchar,qrtz_simple_triggers,sched_name
qrtz_simple_triggers,trigger_name,varchar,qrtz_simple_triggers,trigger_name
qrtz_simple_triggers,trigger_group,varchar,qrtz_simple_triggers,trigger_group
qrtz_cron_triggers,sched_name,varchar,qrtz_cron_triggers,sched_name
qrtz_cron_triggers,trigger_name,varchar,qrtz_cron_triggers,trigger_name
qrtz_cron_triggers,trigger_group,varchar,qrtz_cron_triggers,trigger_group
qrtz_cron_triggers,sched_name,varchar,qrtz_cron_triggers,sched_name
qrtz_cron_triggers,trigger_name,varchar,qrtz_cron_triggers,trigger_name
qrtz_cron_triggers,trigger_group,varchar,qrtz_cron_triggers,trigger_group
qrtz_simprop_triggers,sched_name,varchar,qrtz_simprop_triggers,sched_name
qrtz_simprop_triggers,trigger_name,varchar,qrtz_simprop_triggers,trigger_name
qrtz_simprop_triggers,trigger_group,varchar,qrtz_simprop_triggers,trigger_group
qrtz_simprop_triggers,sched_name,varchar,qrtz_simprop_triggers,sched_name
qrtz_simprop_triggers,trigger_name,varchar,qrtz_simprop_triggers,trigger_name
qrtz_simprop_triggers,trigger_group,varchar,qrtz_simprop_triggers,trigger_group
qrtz_blob_triggers,sched_name,varchar,qrtz_blob_triggers,sched_name
qrtz_blob_triggers,trigger_name,varchar,qrtz_blob_triggers,trigger_name
qrtz_blob_triggers,trigger_group,varchar,qrtz_blob_triggers,trigger_group
qrtz_blob_triggers,sched_name,varchar,qrtz_blob_triggers,sched_name
qrtz_blob_triggers,trigger_name,varchar,qrtz_blob_triggers,trigger_name
qrtz_blob_triggers,trigger_group,varchar,qrtz_blob_triggers,trigger_group
qrtz_calendars,sched_name,varchar,qrtz_calendars,sched_name
qrtz_calendars,calendar_name,varchar,qrtz_calendars,calendar_name
qrtz_paused_trigger_grps,sched_name,varchar,qrtz_paused_trigger_grps,sched_name
qrtz_paused_trigger_grps,trigger_group,varchar,qrtz_paused_trigger_grps,trigger_group
qrtz_fired_triggers,sched_name,varchar,qrtz_fired_triggers,sched_name
qrtz_fired_triggers,entry_id,varchar,qrtz_fired_triggers,entry_id
qrtz_scheduler_state,sched_name,varchar,qrtz_scheduler_state,sched_name
qrtz_scheduler_state,instance_name,varchar,qrtz_scheduler_state,instance_name
qrtz_locks,sched_name,varchar,qrtz_locks,sched_name
qrtz_locks,lock_name,varchar,qrtz_locks,lock_name
task_history,id,int4,task_history,id
databasechangelog,id,varchar,databasechangelog,id
databasechangelog,author,varchar,databasechangelog,author
databasechangelog,filename,varchar,databasechangelog,filename
metabase_table,db_id,int4,metabase_table,db_id
metabase_table,schema,varchar,metabase_table,schema
metabase_table,name,varchar,metabase_table,name
metabase_field,table_id,int4,metabase_field,table_id
metabase_field,parent_id,int4,metabase_field,parent_id
metabase_field,name,varchar,metabase_field,name
native_query_snippet,id,int4,native_query_snippet,id
native_query_snippet,name,varchar,native_query_snippet,name
native_query_snippet,creator_id,int4,native_query_snippet,creator_id
notificacao,periodo_gestacao,int4,notificacao,periodo_gestacao
activity,user_id,int4,activity,user_id
card_label,card_id,int4,card_label,card_id
card_label,label_id,int4,card_label,label_id
collection,personal_owner_id,int4,collection,personal_owner_id
collection_revision,user_id,int4,collection_revision,user_id
computation_job,creator_id,int4,computation_job,creator_id
computation_job_result,job_id,int4,computation_job_result,job_id
core_session,user_id,int4,core_session,user_id
dashboardcard_series,card_id,int4,dashboardcard_series,card_id
dashboardcard_series,dashboardcard_id,int4,dashboardcard_series,dashboardcard_id
group_table_access_policy,card_id,int4,group_table_access_policy,card_id
metabase_field,parent_id,int4,metabase_field,parent_id
metabase_field,table_id,int4,metabase_field,table_id
metabase_fieldvalues,field_id,int4,metabase_fieldvalues,field_id
metabase_table,db_id,int4,metabase_table,db_id
metric,creator_id,int4,metric,creator_id
metric,table_id,int4,metric,table_id
metric_important_field,field_id,int4,metric_important_field,field_id
metric_important_field,metric_id,int4,metric_important_field,metric_id
native_query_snippet,collection_id,int4,native_query_snippet,collection_id
permissions,group_id,int4,permissions,group_id
permissions_group_membership,group_id,int4,permissions_group_membership,group_id
permissions_group_membership,user_id,int4,permissions_group_membership,user_id
permissions_revision,user_id,int4,permissions_revision,user_id
pulse,collection_id,int4,pulse,collection_id
pulse,creator_id,int4,pulse,creator_id
pulse_card,card_id,int4,pulse_card,card_id
pulse_card,pulse_id,int4,pulse_card,pulse_id
pulse_channel,pulse_id,int4,pulse_channel,pulse_id
pulse_channel_recipient,pulse_channel_id,int4,pulse_channel_recipient,pulse_channel_id
pulse_channel_recipient,user_id,int4,pulse_channel_recipient,user_id
report_card,collection_id,int4,report_card,collection_id
report_card,made_public_by_id,int4,report_card,made_public_by_id
report_card,creator_id,int4,report_card,creator_id
report_card,database_id,int4,report_card,database_id
report_card,table_id,int4,report_card,table_id
report_cardfavorite,card_id,int4,report_cardfavorite,card_id
report_cardfavorite,owner_id,int4,report_cardfavorite,owner_id
report_dashboard,collection_id,int4,report_dashboard,collection_id
report_dashboard,made_public_by_id,int4,report_dashboard,made_public_by_id
report_dashboard,creator_id,int4,report_dashboard,creator_id
report_dashboardcard,card_id,int4,report_dashboardcard,card_id
report_dashboardcard,dashboard_id,int4,report_dashboardcard,dashboard_id
revision,user_id,int4,revision,user_id
segment,creator_id,int4,segment,creator_id
segment,table_id,int4,segment,table_id
view_log,user_id,int4,view_log,user_id
notificacao,ocupacao,int4,notificacao,ocupacao
notificacao,ocupacao_notificador,int4,notificacao,ocupacao_notificador
notificacao,instituicao,int4,notificacao,instituicao
notificacao,opcoes_de_surto,int4,notificacao,opcoes_de_surto
notificacao,raiox_torax,int4,notificacao,raiox_torax
notificacao,tipo_internacao,int4,notificacao,tipo_internacao
notificacao,uso_antiviral,int4,notificacao,uso_antiviral
notificacao,resultado,int4,notificacao,resultado
notificacao,metodo,varchar,notificacao,metodo
notificacao,local_contato_suspeito,int4,notificacao,local_contato_suspeito
notificacao,local_contato_confirmado,int4,notificacao,local_contato_confirmado
notificacao,classificacao_final,int4,notificacao,classificacao_final
notificacao,criterio_classificacao,int4,notificacao,criterio_classificacao
notificacao,evolucao,int4,notificacao,evolucao
notificacao,origem,int4,notificacao,origem
notificacao,raca_cor,int4,notificacao,raca_cor
notificacao,pesquisa_gal,int4,notificacao,pesquisa_gal
notificacao,tipo_paciente_institucionalizado,int4,notificacao,tipo_paciente_institucionalizado
notificacao,alerta,int4,notificacao,alerta
notificacao,situacao_trabalho,int4,notificacao,situacao_trabalho
notificacao,escolaridade,int4,notificacao,escolaridade
notificacao,instituicao_ensino,int4,notificacao,instituicao_ensino
notificacao,ibge_empresa,bpchar,notificacao,ibge_empresa
notificacao,ibge_hospital,varchar,notificacao,ibge_hospital
notificacao,ibge_unidade_notifica,varchar,notificacao,ibge_unidade_notifica
monitoramento,equipe,int4,monitoramento,equipe
monitoramento,classificacao_monitoramento,int4,monitoramento,classificacao_monitoramento
notificacao,uf_hospital,varchar,notificacao,uf_hospital
notificacao,uf_empresa,bpchar,notificacao,uf_empresa
notificacao,uf_residencia,varchar,notificacao,uf_residencia
notificacao,febre,int4,notificacao,febre
contato,sexo,int4,contato,sexo
monitoramento,cobertura_esf_acs,int4,monitoramento,cobertura_esf_acs
monitoramento_contato,temperatura,int4,monitoramento_contato,temperatura
monitoramento_contato,assintomatico,int4,monitoramento_contato,assintomatico
monitoramento_contato,cefaleia,int4,monitoramento_contato,cefaleia
monitoramento_contato,fadiga,int4,monitoramento_contato,fadiga
monitoramento_contato,tosse,int4,monitoramento_contato,tosse
monitoramento_contato,perda_forca,int4,monitoramento_contato,perda_forca
monitoramento_contato,diarreia,int4,monitoramento_contato,diarreia
monitoramento_contato,perda_olfato,int4,monitoramento_contato,perda_olfato
monitoramento_contato,perda_paladar,int4,monitoramento_contato,perda_paladar
monitoramento_contato,nauseas,int4,monitoramento_contato,nauseas
monitoramento_contato,vomitos,int4,monitoramento_contato,vomitos
monitoramento_contato,outros_sintomas,int4,monitoramento_contato,outros_sintomas
monitoramento_contato,pressao_torax,int4,monitoramento_contato,pressao_torax
monitoramento_contato,saturacao_o2,int4,monitoramento_contato,saturacao_o2
monitoramento_contato,coloracao_labio,int4,monitoramento_contato,coloracao_labio
monitoramento_contato,dispneia,int4,monitoramento_contato,dispneia
monitoramento_contato,coriza,int4,monitoramento_contato,coriza
monitoramento_contato,dor_garganta,int4,monitoramento_contato,dor_garganta
notificacao,exame,varchar,notificacao,exame
notificacao,etnia,int4,notificacao,etnia
notificacao,status_notificacao,int4,notificacao,status_notificacao
notificacao,paciente_institucionalizado,varchar,notificacao,paciente_institucionalizado
notificacao,cod_cbo,int4,notificacao,cod_cbo
paciente_institucionalizado,id,varchar,paciente_institucionalizado,id
cbo,codigo,int4,cbo,codigo
contato,tipo_contato,int4,contato,tipo_contato
redcap,dt_nasc,text,,
redcap,data_volta_wuhan,text,,
notificacao,passaporte,varchar,,
dataset,tiragem_intercostal,int4,,
core_user,sso_source,varchar,,
qrtz_triggers,start_time,int8,,
notificacao_redcap,tipo_paciente,int4,,
notificacao_redcap,telefone_notificador,varchar,,
datasetcomorbidades,cidade,text,,
redcap,munic_es,float8,,
computation_job_result,payload,text,,
covid19,dt_obito,date,,
native_query_snippet,description,text,,
databasechangelog,comments,varchar,,
sivep_srag,tosse,varchar,,
sivep_srag,co_ps_vgm,varchar,,
usuario,nome,bpchar,,
sivep_srag,pcr_para3,varchar,,
falha_envio,status,int4,,
notificacao_sivep,artralgia,int4,,
notificacao_sivep,co_seq_exame,text,,
notificacao_redcap,cns,text,,
notificacao_sivep,frequentou_unidade,int4,,
notificacao,telefone_residencial_paciente,bpchar,,
pulse,skip_if_empty,bool,,
covid19,ocupacao,text,,
user,roles,json,,
redcap,sintomas___9,int8,,
redcap,sintomas___10,int8,,
log_notificacao,ip_user,varchar,,
report_dashboard,description,text,,
resultados_gal,co_pais,int4,,
redcap,sintomas___13,int8,,
pg_stat_statements,max_time,float8,,
query_cache,results,bytea,,
cnes,tx_email,varchar,,
metric,name,varchar,,
dataset,puerperio,int4,,
pg_stat_statements,shared_blks_read,int8,,
notificacao,rash_paciente_1,bpchar,,
covid19,sintomas___22,text,,
monitoramento,cnpj,varchar,,
contato,telefone,varchar,,
dadosagrupadosa,nu_longitude,float8,,
notificacao_redcap,obesidade,int4,,
core_user,login_attributes,text,,
covid19,dt_result_lrn,date,,
covid19,criterio,text,,
notificacao_redcap,ibge_unidade_notifica,varchar,,
notificacao,tomografia_descricao,text,,
qrtz_fired_triggers,trigger_name,varchar,,
sivep_sg,pcr_para4,varchar,,
notificacao,telefone_paciente,varchar,,
qrtz_fired_triggers,is_nonconcurrent,bool,,
redcap,contato_confirm,float8,,
redcap,munic_se_not,float8,,
core_user,ldap_auth,bool,,
redcap,outros_sinais,text,,
sivep_srag,nu_ddd_tel,varchar,,
redcap,temperatura,float8,,
sivep_srag,pcr_resul,varchar,,
notificacao_sivep,paciente,text,,
metabase_table,entity_type,varchar,,
query,query,text,,
pg_stat_statements,local_blks_dirtied,int8,,
redcap,munic_rs_not,float8,,
cbo,titulo,varchar,,
notificacao,data_retorno_local,date,,
agendamento,cor_evento,varchar,,
sivep_srag,out_antiv,varchar,,
sivep_sg,out_amost,varchar,,
pg_stat_statements,min_time,float8,,
dataset,data_notificacao,date,,
sivep_srag,cs_sexo,varchar,,
sivep_srag,obes_imc,varchar,,
municipio,nu_longitude,varchar,,
resultado_gal_sivep,data_coleta,date,,
notificacao_sivep,data_cadastro,text,,
municipio,pop_10_14,int4,,
notificacao,updated_at,timestamp,,
sivep_srag,vacina,varchar,,
metabase_field,description,text,,
report_dashboard,show_in_getting_started,bool,,
report_card,visualization_settings,text,,
notificacao_sivep,neoplasia,int4,,
resultados_gal,data_coleta,date,,
redcap,amostra,float8,,
pg_stat_statements,queryid,int8,,
dataset,municipio,text,,
dadosagrupadosc,casos,float8,,
sivep_sg,cod_ufres,varchar,,
sivep_sg,reg_prof,varchar,,
notificacao_sivep,cnes_hospital,text,,
resultados_gal,lab_executor,bpchar,,
sivep_sg,renal,varchar,,
notificacao_sivep,requisicao,varchar,,
notificacao_sivep,classificacao_final,int4,,
redcap,local_contato_confirm___5,int8,,
report_card,archived,bool,,
pulse_channel,updated_at,timestamptz,,
covid19,outro_local_descritivo,text,,
databasechangelog,contexts,varchar,,
municipio,co_macro_reg,varchar,,
metabase_fieldvalues,updated_at,timestamptz,,
dadosagrupadosd,infectados,float8,,
covid19,data_ida_outro,date,,
surto,status,int4,,
redcap,sintomas___17,int8,,
resultados_gal,nu_cns,bpchar,,
usuario,regional,bpchar,,
redcap,record_id,int8,,
notificacao_redcap,rash_paciente_2,bpchar,,
sivep_srag,co_mun_res,varchar,,
dadosagrupadosd,data_coleta,date,,
notificacao_sivep,rash_paciente,bpchar,,
dadosagrupadosc,obitos,float8,,
sivep_srag,if_para3,varchar,,
report_card,collection_position,int2,,
qrtz_simple_triggers,repeat_count,int8,,
notificacao_sivep,data_alta,timestamp,,
notificacao_redcap,bairro_residencia,int4,,
redcap,hospit,float8,,
instituicao_ensino,localizacao,varchar,,
log_api,data_recorded,json,,
posto_coleta,intervalo_atendimento,float8,,
qrtz_simple_triggers,times_triggered,int8,,
covid19,dt_encerra,date,,
exame_metodo_resultado,homologado,int4,,
sivep_sg,pcr_boca,varchar,,
redcap,sintomas___24,int8,,
redcap,outra_nacionalidade,text,,
notificacao,local_viagem,text,,
notificacao_redcap,cpf,text,,
monitoramento_contato,data_monitoramento,timestamp,,
redcap,dt_febre,text,,
notificacao_redcap,email_notificador,text,,
termo,valor,varchar,,
agendamento,titulo,bpchar,,
notificacao_redcap,adinamia,int4,,
sivep_sg,classi_fin,varchar,,
falha_envio,mensagem,text,,
sivep_sg,pcr_data,timestamp,,
databasechangelog,orderexecuted,int4,,
resultado_gal_script,nome_gal,bpchar,,
qrtz_triggers,misfire_instr,int2,,
sivep_srag,ave_suino,varchar,,
qrtz_triggers,trigger_state,varchar,,
sivep_srag,dispneia,varchar,,
sivep_srag,dt_raiox,timestamp,,
redcap,idade,float8,,
dadosagrupadosb,casos,float8,,
log_api,created_at,timestamp,,
notificacao_sivep,local_contato_suspeito_descricao,text,,
redcap,dag,float8,,
notificacao_sivep,gestante_alto_risco,int4,,
notificacao_redcap,nome_mae,text,,
sivep_sg,tp_idade,varchar,,
redcap,munic_rr_not,float8,,
surto,tipo_local_surto,int4,,
sivep_sg,febre,varchar,,
notificacao_redcap,metodo,text,,
dadosagrupadosd,media,float8,,
resultado_gal_script,data_liberacao,date,,
sivep_srag,tp_antivir,varchar,,
exame_metodo_resultado,termo_tipo,bpchar,,
redcap,munic_am,float8,,
municipio,pop_80,int4,,
notificacao_redcap,nome_notificador,text,,
monitoramento,endereco,bpchar,,
redcap,latitude,float8,,
covid19,viagem,text,,
sivep_sg,sind_down,varchar,,
redcap,morbidades___5,int8,,
metabase_table,points_of_interest,text,,
redcap,munic_go_not,float8,,
notificacao_redcap,criterio_classificacao,int4,,
redcap,sexo,float8,,
covid19,data_chegada_brasil,date,,
risco,taxapropagacao,float8,,
sivep_sg,cod_idade,varchar,,
covid19,cep_resid,text,,
redcap,result_lacen,float8,,
sivep_srag,hepatica,varchar,,
redcap,sintomas___7,int8,,
redcap,munic_ms_not,float8,,
sivep_srag,dt_vgm,text,,
report_cardfavorite,created_at,timestamptz,,
parametro,logo,bpchar,,
report_card,display,varchar,,
sivep_srag,tp_amostra,varchar,,
covid19,data_hospit,date,,
risco,rsquared,float8,,
dadosagrupadosd,cidade,text,,
redcap,munic_go,float8,,
query_execution,result_rows,int4,,
sivep_srag,uti,varchar,,
dadosagrupadosd,acumulado,float8,,
notificacao_redcap,coleta_amostra,int4,,
redcap,outros_sintomas,text,,
activity,model,varchar,,
monitoramento,usuario,int4,,
metabase_field,custom_position,int4,,
sivep_sg,dt_encerra,timestamp,,
covid19,qual_lrn,text,,
parametro,usuario_cadsus,bpchar,,
notificacao,cep_empresa,bpchar,,
redcap,munic_sp,float8,,
notificacao,pressao_torax,int4,,
risco,riscoincidencia,float8,,
dataset,data_coleta,date,,
qrtz_simprop_triggers,str_prop_2,varchar,,
instituicao_ensino,localidade_diferenciada,varchar,,
computation_job,updated_at,timestamp,,
monitoramento,bairro,varchar,,
resultado_gal_script,descricao,text,,
sivep_sg,out_sint,varchar,,
notificacao_redcap,data_nascimento,timestamp,,
pg_stat_statements,temp_blks_written,int8,,
redcap,munic_pb_not,float8,,
usuario,senha,bpchar,,
notificacao_sivep,cnes_unidade_notifica,varchar,,
redcap,morbidades___9,int8,,
notificacao_sivep,manchas_vermelhas,int4,,
report_dashboardcard,created_at,timestamptz,,
notificacao_redcap,id_externa,int8,,
metabase_database,cache_field_values_schedule,varchar,,
redcap,result_lacen_2,float8,,
contato,idade,int4,,
notificacao_redcap,raiox_torax_descricao,text,,
sivep_sg,obesidade,varchar,,
metabase_field,caveats,text,,
sivep_srag,morb_desc,varchar,,
teste_covid,mediaobitos,float8,,
sim_nao,sim_nao,varchar,,
notificacao,data_entrada,date,,
report_dashboard,created_at,timestamptz,,
dadosagrupadosd,nu_latitude,float8,,
dataset,sexo,int4,,
notificacao_sivep,calafrios,int4,,
risco,pop,float8,,
contato,latitude,varchar,,
notificacao_redcap,escarro,int4,,
datasetsintomas,nu_longitude,float8,,
dataset,asas_nasais,int4,,
pg_stat_statements,temp_blks_read,int8,,
covid19,sintomas___8,text,,
sivep_srag,pcr_vsr,varchar,,
qrtz_triggers,calendar_name,varchar,,
notificacao_sivep,numero_residencia,varchar,,
dadosagrupados,regional,text,,
resultado_gal_sivep,ficha_id,bpchar,,
notificacao_redcap,frequentou_unidade_descricao,text,,
redcap,fxetaria,float8,,
notificacao_redcap,doenca_renal,int4,,
sivep_srag,dt_interna,timestamp,,
redcap,munic_rj,float8,,
notificacao_redcap,periodo_gestacao,int4,,
native_query_snippet,created_at,timestamptz,,
log_notificacao,creator,varchar,,
dependency,created_at,timestamptz,,
dadosagrupadosd,incidencia,float8,,
metabase_table,visibility_type,varchar,,
datasetcomorbidades,populacao,float8,,
redcap,class_lab,int8,,
covid19,sintomas___20,text,,
redcap,gestante,float8,,
redcap,local_contato_outro2,text,,
sivep_sg,cod_munic,varchar,,
cnes,tx_cep,varchar,,
pulse_channel,schedule_type,varchar,,
sivep_sg,nome_pac,varchar,,
redcap,munic_sp_not,float8,,
covid19,contato_animais,text,,
activity,table_id,int4,,
redcap,local_contato___1,int8,,
sivep_sg,ds_pcrout,varchar,,
sivep_srag,cs_zona,varchar,,
sivep_sg,lab_ifi,varchar,,
sivep_srag,dt_rt_vgm,text,,
sivep_sg,ifi_para3,varchar,,
sivep_srag,nm_pacient,varchar,,
redcap,data_coleta,text,,
label,icon,varchar,,
notificacao_sivep,data_isolamento,text,,
notificacao_redcap,ocupacao,int4,,
report_dashboard,caveats,text,,
report_card,enable_embedding,bool,,
posto_coleta,bairro,varchar,,
qrtz_simprop_triggers,long_prop_1,int8,,
notificacao_sivep,origem,int4,,
notificacao_sivep,data_liberacao,timestamp,,
qrtz_simprop_triggers,dec_prop_1,numeric,,
covid19,outro_especific_2,text,,
metabase_field,created_at,timestamptz,,
metabase_database,engine,varchar,,
falha_envio,data_cadastro,timestamp,,
report_dashboard,embedding_params,text,,
covid19,prof_not,text,,
redcap,local_contato_confirm___3,int8,,
covid19,dt_notifica,date,,
estado,no_completo_uf,varchar,,
redcap,remedio,float8,,
teste_covid,casos,float8,,
notificacao_sivep,diabetes,int4,,
instituicao_ensino,uf,varchar,,
covid19,telefone_notificador,text,,
datasetcomorbidades,comorbidade,text,,
sivep_sg,pcr_flu,varchar,,
activity,database_id,int4,,
qrtz_simprop_triggers,long_prop_2,int8,,
sivep_srag,co_lab_pcr,varchar,,
notificacao,longitude_residencia,varchar,,
redcap,munic_rn,float8,,
sivep_sg,dt_antivir,timestamp,,
sivep_srag,evolucao,varchar,,
qrtz_scheduler_state,last_checkin_time,int8,,
covid19,data_volta_outro,date,,
notificacao,amostra_material,varchar,,
surto,cep,varchar,,
notificacao_sivep,irritabilidade_confusao,int4,,
covid19,unidade_saude_exp_dados,text,,
log_api,type,varchar,,
log_notificacao,application,varchar,,
covid19,sinais___4,text,,
covid19,morbidades___2,text,,
notificacao_redcap,coriza,int4,,
covid19,obesidade,varchar,,
covid19,morbidades___1,text,,
pulse,created_at,timestamptz,,
sivep_sg,requi_gal,varchar,,
sivep_sg,pcr_para2,varchar,,
sivep_sg,pcr_para1,varchar,,
redcap,wuhan,float8,,
revision,is_reversion,bool,,
covid19,sintomas___12,text,,
dataset,nu_latitude,float8,,
datasetcomorbidades,semcomorbidades,int4,,
covid19,sintomas___2,text,,
dataset,idade,float8,,
resultados_gal,nu_telefone,bpchar,,
notificacao_redcap,contato_confirmado,int4,,
metabase_fieldvalues,human_readable_values,text,,
posto_coleta,horario_inicial,time,,
covid19,exposicao_unidade_saude,text,,
sivep_sg,ifi_flu,varchar,,
qrtz_fired_triggers,job_name,varchar,,
metabase_field,database_position,int4,,
sivep_srag,pais_vgm,varchar,,
notificacao_sivep,dificuldade_deglutir,int4,,
notificacao_redcap,febre,int4,,
sivep_sg,nome_mae,varchar,,
resultado_gal_script,requisicao,bpchar,,
exame_metodo_resultado,termo_resultado,int4,,
notificacao_redcap,congestao_conjuntiva,int4,,
sivep_srag,nu_numero,varchar,,
usuario,municipio_unidade,bpchar,,
notificacao_redcap,nome_unidade_notifica,text,,
informativo,descricao,text,,
local_contato,local_contato,varchar,,
notificacao_redcap,imunodeficiencia,int4,,
resultado_gal_script,classificacao_final,int4,,
qrtz_job_details,is_update_data,bool,,
dataset,populacao,int4,,
parametro,timeout_api_gal,int4,,
monitoramento,ibge,varchar,,
task_history,duration,int4,,
redcap,munic_pb,float8,,
resultados_gal,sexo,int4,,
notificacao_redcap,cefaleia,int4,,
dataset,dor_garganta,int4,,
notificacao_redcap,data_chegada_estado,text,,
covid19,municipio_resid,text,,
sivep_srag,if_resul,varchar,,
qrtz_fired_triggers,priority,int4,,
notificacao_redcap,data_chegada_brasil,timestamp,,
redcap,sinais___1,int8,,
notificacao,data_encerramento,date,,
segment,name,varchar,,
resultado_gal_script,data_cadastro,timestamp,,
redcap,dt_result,text,,
metabase_database,updated_at,timestamptz,,
sivep_srag,observa,varchar,,
report_card,updated_at,timestamptz,,
municipio,pop_15_19,int4,,
sivep_sg,flua_out,varchar,,
covid19,morbidades___6,text,,
covid19,classi_fim,text,,
se_2020,semana,varchar,,
classificacao_final,classificacao_final,varchar,,
notificacao,data_cura_obito,date,,
notificacao_sivep,outras_morbidades,int4,,
teste_covid,obitos,float8,,
permissions_revision,after,text,,
notificacao_sivep,descritivo_viagem,text,,
collection,name,text,,
covid19,nome_hospit,text,,
sivep_srag,cs_escol_n,varchar,,
core_session,anti_csrf_token,text,,
datasetcomorbidades,nu_latitude,float8,,
notificacao,uso_antiviral_descricao,text,,
risco,nu_latitude,float8,,
redcap,sinais___8,int8,,
log_aws,registros,int4,,
metabase_field,display_name,varchar,,
municipio,co_regional,varchar,,
covid19,cpf,text,,
pulse_card,position,int4,,
sivep_srag,sg_uf,varchar,,
redcap,munic_ba,float8,,
covid19,email_notificador,text,,
notificacao_sivep,local_contato_confirmado_descricao,text,,
dataset,tabagismo,int4,,
sivep_srag,pcr_fluasu,varchar,,
qrtz_job_details,description,varchar,,
covid19,morbidades___4,text,,
redcap,pais_resid,text,,
parametro,timeout_api_cadsus,int4,,
qrtz_scheduler_state,checkin_interval,int8,,
sivep_srag,fluasu_out,varchar,,
dataset,ganglios_linfaticos,int4,,
termo_instituicao,cod_ibge,int4,,
sivep_srag,co_rg_inte,varchar,,
covid19,deslocamento,text,,
sivep_srag,dt_1_dose,timestamp,,
usuario,avancado,int4,,
se_2020,data,timestamp,,
covid19,sinais___5,text,,
notificacao_sivep,internacao_sus,int4,,
notificacao,nome_caso_fonte,varchar,,
notificacao_redcap,resultado,int4,,
redcap,sintomas___6,int8,,
covid19,endereco,text,,
notificacao_redcap,uf_residencia,text,,
notificacao_sivep,numero_do,int4,,
qrtz_job_details,requests_recovery,bool,,
notificacao_sivep,logradouro_residencia,varchar,,
covid19,result_metagen,text,,
notificacao_sivep,data_recebimento,text,,
notificacao_redcap,diarreia,int4,,
sivep_srag,lo_ps_vgm,varchar,,
dadosagrupadosd,populacao,float8,,
notificacao_redcap,doenca_cardiovascular,int4,,
covid19,sinais___3,text,,
pulse,alert_first_only,bool,,
user,codigo_origem,int2,,
notificacao_redcap,pais_municipio_residencia,text,,
notificacao,data_1o_sintomas,date,,
sivep_srag,if_outro,varchar,,
revision,timestamp,timestamptz,,
covid19,sintomas___18,text,,
view_log,model,varchar,,
status,status,varchar,,
qrtz_job_details,job_class_name,varchar,,
notificacao_redcap,data_isolamento,timestamp,,
covid19,regiao_resid,text,,
qrtz_cron_triggers,time_zone_id,varchar,,
exame,exame,varchar,,
notificacao_sivep,ocupacao,int4,,
notificacao,cep_residencia,varchar,,
risco,prevalencia,float8,,
posto_coleta,cep,varchar,,
notificacao_redcap,data_liberacao,timestamp,,
notificacao_redcap,origem,int4,,
monitoramento,cnes,varchar,,
resultados_gal,no_paciente,bpchar,,
sivep_sg,dt_coleta,timestamp,,
evolucao_monitoramento,evolucao_monitoramento,varchar,,
notificacao_redcap,diabetes,int4,,
redcap,local_contato_confirm___4,int8,,
dataset,hipertensao,int4,,
redcap,sintomas___5,int8,,
estabelecimento,municipio,varchar,,
notificacao,data_coleta,date,,
redcap,munic_mg,float8,,
monitoramento,relacao_contato,int4,,
notificacao,lab_executor,varchar,,
notificacao_redcap,irritabilidade_confusao,int4,,
sivep_sg,cod_pais,varchar,,
covid19,res_ncov,text,,
notificacao_sivep,coriza,int4,,
dataset,faixa_etaria,text,,
sivep_srag,sg_uf_inte,varchar,,
dataset,pressao_torax,int4,,
log_notificacao,username,varchar,,
pg_stat_statements,total_time,float8,,
metabase_table,field_order,varchar,,
redcap,contato,float8,,
resultado_gal_script,nome_notifica,bpchar,,
posto_coleta,numero,int4,,
covid19,sinais___9,text,,
databasechangelog,exectype,varchar,,
collection_revision,after,text,,
log_notificacao,description,text,,
dadosagrupados,infectados,float8,,
redcap,sintomas___19,int8,,
metabase_field,database_type,text,,
notificacao_sivep,contato_confirmado,int4,,
pulse_channel,schedule_hour,int4,,
notificacao_sivep,raiox_torax_descricao,text,,
resultado_gal_script,sexo_notifica,bpchar,,
sivep_srag,id_rg_resi,varchar,,
metabase_table,entity_name,varchar,,
sivep_sg,ds_ifiout,varchar,,
covid19,unidade_not,text,,
surto,municipio_surto,int4,,
contato,complemento,varchar,,
notificacao_redcap,calafrios,int4,,
redcap,mae,text,,
qrtz_fired_triggers,sched_time,int8,,
exame_metodo_resultado,termo_metodo,int4,,
termo_instituicao,nome_instituicao,varchar,,
redcap,contato_suspeito,float8,,
usuarios_gsus,email,bpchar,,
notificacao_sivep,escarro,int4,,
sivep_srag,dt_sin_pri,timestamp,,
task_history,task,varchar,,
notificacao_redcap,numero_residencia,int4,,
parametro,senha_email,bpchar,,
covid19,dt_result_metagen,date,,
notificacao_sivep,frequentou_unidade_descricao,text,,
sivep_sg,dt_preenc,timestamp,,
activity,details,varchar,,
pulse_card,include_csv,bool,,
covid19,morbidades___3,text,,
notificacao_sivep,doenca_renal,int4,,
notificacao_sivep,periodo_gestacao,int4,,
report_card,cache_ttl,int4,,
covid19,requisicao,text,,
sintoma_contato,sintoma_contato,varchar,,
monitoramento_contato,descricao_outros_sintomas,varchar,,
dataset,tosse,int4,,
covid19,local_contato_outro,text,,
covid19,local_contato_confirm___1,text,,
metabase_table,display_name,varchar,,
metabase_fieldvalues,values,text,,
parametro,usuario_api_gal_soap,bpchar,,
notificacao,frequentou_unidade_cnes,int4,,
dadosagrupadosc,obitosacumulados,float8,,
redcap,nome,text,,
covid19,cnes_hospital,varchar,,
report_dashboard,parameters,text,,
sivep_sg,ifi_data,timestamp,,
covid19,nome_lab,text,,
pulse,alert_above_goal,bool,,
core_user,password_salt,varchar,,
redcap,munic_se,float8,,
dimension,updated_at,timestamp,,
resultado_gal_script,criterio_classificacao,int4,,
notificacao,ocupacao_descricao,text,,
covid19,sintomas___14,text,,
segment,updated_at,timestamptz,,
teste_covid,nu_longitude,float8,,
instituicao_ensino,endereco,varchar,,
redcap,outro_v_rus_metagen,float8,,
termo_instituicao,cod_paciente_institucionalizado,int4,,
redcap,regiao_res,float8,,
metabase_database,name,varchar,,
metabase_database,is_full_sync,bool,,
report_card,name,varchar,,
cnes,nu_fone_es,varchar,,
sivep_srag,co_regiona,varchar,,
redcap,sudeste_uf,float8,,
sivep_sg,pcr_metap,varchar,,
monitoramento,data_ultimo_contato,timestamp,,
sivep_sg,cep,varchar,,
metabase_field,visibility_type,varchar,,
dadosagrupados,cidade,text,,
redcap,trimestre,float8,,
covid19,data_alta,date,,
notificacao_redcap,local_contato_confirmado_descricao,text,,
notificacao,data_notificacao,timestamp,,
dadosagrupados,acumulado,float8,,
sivep_sg,flua_subt,varchar,,
status_monitoramento,status_monitoramento,varchar,,
evolucao,evolucao,varchar,,
pg_stat_statements,userid,oid,,
qrtz_triggers,prev_fire_time,int8,,
datasetsintomas,sintomas,text,,
covid19,outro_especific,text,,
redcap,tel_paciente,text,,
qrtz_calendars,calendar,bytea,,
qrtz_fired_triggers,fired_time,int8,,
municipio,pop_70_79,int4,,
municipio,pop_60_69,int4,,
dependency,model,varchar,,
sivep_sg,ifi_resul,varchar,,
task_history,ended_at,timestamp,,
covid19,sintomas___4,text,,
local_contato_suspeito,local_contato_suspeito,varchar,,
notificacao,motivo_exclusao,text,,
notificacao_sivep,resultado,int4,,
metabase_table,caveats,text,,
notificacao_redcap,internacao_sus,int4,,
exame_metodo_resultado,termo_codigo,int4,,
pg_stat_statements,local_blks_written,int8,,
metabase_field,settings,text,,
notificacao_redcap,numero_do,int4,,
covid19,enviou_metagen,text,,
notificacao_redcap,logradouro_residencia,text,,
parametro,usuario_api_gal,bpchar,,
covid19,munres,text,,
notificacao_sivep,uf_residencia,text,,
posto_coleta,nome_municipio,varchar,,
notificacao_redcap,data_recebimento,timestamp,,
core_user,is_qbnewb,bool,,
municipio,pop_0_4,int4,,
monitoramento_contato,dia,int4,,
parametro,estado_id,int4,,
notificacao_sivep,doenca_cardiovascular,int4,,
notificacao_sivep,diarreia,int4,,
redcap,estado,float8,,
notificacao_sivep,pais_municipio_residencia,text,,
sivep_sg,complement,varchar,,
equipe_monitoramento,municipio,varchar,,
sivep_srag,id_mn_inte,varchar,,
core_user,first_name,varchar,,
situacao_trabalho,situacao_trabalho,varchar,,
redcap,tempo_resultado,float8,,
metabase_field,fk_target_field_id,int4,,
dadosagrupados,data_coleta,date,,
notificacao_redcap,assintomatico,int4,,
notificacao_sivep,febre,int4,,
notificacao_redcap,dificuldade_deglutir,int4,,
sivep_srag,pcr_sars2,varchar,,
notificacao_sivep,nome_unidade_notifica,text,,
municipio,pop_20_29,int4,,
notificacao_sivep,congestao_conjuntiva,int4,,
notificacao_sivep,imunodeficiencia,int4,,
datasetsintomas,semsintomas,int4,,
notificacao_sivep,cefaleia,int4,,
user,username,varchar,,
report_dashboardcard,row,int4,,
notificacao_sivep,data_chegada_estado,text,,
redcap,longitude,float8,,
municipio,no_municipio,varchar,,
estado,sg_uf,varchar,,
redcap,coletou_amostra,float8,,
sivep_srag,co_pais,varchar,,
metabase_field,preview_display,bool,,
dataset,dispneia,int4,,
covid19,sintomas___11,text,,
metric,archived,bool,,
redcap,result_lrn,float8,,
redcap,munic_ap_not,float8,,
municipio,no_municipio_completo,varchar,,
notificacao_sivep,data_chegada_brasil,text,,
dataset,perda_olfato_paladar,int4,,
query_execution,error,text,,
sivep_srag,nome_prof,varchar,,
log_aws,status,varchar,,
sivep_sg,neurologic,varchar,,
sivep_srag,co_mu_inte,varchar,,
metabase_table,created_at,timestamptz,,
covid19,data_ida_wuhan,date,,
instituicao_ensino,nre,varchar,,
usuarios_gsus,nome,bpchar,,
qrtz_simprop_triggers,int_prop_1,int4,,
agendamento,descricao,text,,
sivep_srag,pcr_rino,varchar,,
dadosagrupados,media,float8,,
notificacao_redcap,outras_morbidades,text,,
notificacao_redcap,descritivo_viagem,text,,
sivep_srag,if_adeno,varchar,,
redcap,munic_to,float8,,
sivep_sg,num_lograd,varchar,,
redcap,sinais___2,int8,,
parametro,email_suporte,bpchar,,
origem,origem,varchar,,
termo,tipo,varchar,,
metric,how_is_this_calculated,text,,
notificacao_redcap,paciente,text,,
sivep_srag,m_amamenta,varchar,,
sivep_sg,dt_vacina,timestamp,,
parametro,url_gal,bpchar,,
covid19,ocupacao_outros,text,,
sivep_sg,pneumopat,varchar,,
sivep_srag,cs_etinia,varchar,,
metric,updated_at,timestamptz,,
sivep_sg,out_sintd,varchar,,
covid19,sintomas___3,text,,
local_surto,local_surto,varchar,,
sivep_srag,puerpera,varchar,,
pg_stat_statements,shared_blks_hit,int8,,
sivep_srag,pac_dscbo,varchar,,
redcap,munic_rs,float8,,
notificacao_redcap,data_cadastro,text,,
sivep_sg,dose_vacin,varchar,,
redcap,sinais___7,int8,,
dataset,evolucao,int4,,
task_history,db_id,int4,,
dataset,doenca_neurologica,int4,,
report_dashboardcard,parameter_mappings,text,,
redcap,morbidades___7,int8,,
redcap,local_metagenomica,float8,,
covid19,data_recebe_amostra,date,,
sivep_sg,ifi_para2,varchar,,
notificacao,api_gal,int4,,
cnes,cd_estab,varchar,,
covid19,sinais___6,text,,
notificacao_redcap,neoplasia,int4,,
report_dashboard,points_of_interest,text,,
sivep_srag,ds_if_out,varchar,,
notificacao_redcap,cnes_hospital,text,,
resultados_gal,co_municipio,bpchar,,
report_dashboardcard,sizeY,int4,,
sivep_sg,diabetes,varchar,,
redcap,vent_mec,float8,,
notificacao_redcap,requisicao,text,,
dataset,regional,text,,
redcap,munic_df_not,float8,,
redcap,munic_rr,float8,,
notificacao_redcap,classificacao_final,int4,,
covid19,outro_especific_4,text,,
pg_stat_statements,calls,int8,,
posto_coleta,horario_final,time,,
covid19,morbidades___8,text,,
redcap,sintomas___23,int8,,
sivep_srag,if_vsr,varchar,,
collection,archived,bool,,
teste_covid,obitosacumulados,float8,,
qrtz_fired_triggers,trigger_group,varchar,,
dataset,sindrome_down,int4,,
notificacao_sivep,telefone_notificador,text,,
notificacao_sivep,tipo_paciente,int4,,
sivep_srag,tp_flu_if,varchar,,
metabase_field,has_field_values,text,,
sivep_srag,dt_digita,timestamp,,
notificacao,data_ida_local,date,,
notificacao,semana_epidemiologica,int4,,
qrtz_blob_triggers,blob_data,bytea,,
instituicao_ensino,categoria_escola_privada,varchar,,
pais,ds_pais,varchar,,
dataset,infeccao_hiv,int4,,
task_history,started_at,timestamp,,
dependency,dependent_on_model,varchar,,
computation_job_result,created_at,timestamp,,
covid19,local_contato___2,text,,
segment,archived,bool,,
notificacao_sivep,cns,text,,
dadosagrupados,nu_latitude,float8,,
redcap,ufnot,float8,,
resultado_gal_script,resultado,int4,,
covid19,nacionalidade,text,,
notificacao_redcap,co_seq_exame,text,,
notificacao_redcap,frequentou_unidade,int4,,
redcap,data_isola,text,,
covid19,origem_not,text,,
notificacao_redcap,artralgia,int4,,
dadosagrupadosd,regional,text,,
covid19,outro_especific_3,text,,
redcap,fonte,text,,
notificacao,cnpj_unidade_notifica,bpchar,,
dadosagrupados,incidencia,float8,,
monitoramento,uf,varchar,,
covid19,munnot,text,,
parametro,email,bpchar,,
metabase_field,points_of_interest,text,,
log_notificacao,id_notificacao,int4,,
log_notificacao,action,varchar,,
pg_stat_statements,blk_write_time,float8,,
notificacao_sivep,obesidade,int4,,
dadosagrupadosb,nu_longitude,float8,,
covid19,dt_receb_lrn,date,,
notificacao_sivep,ibge_unidade_notifica,varchar,,
sivep_srag,nm_bairro,varchar,,
covid19,obito,text,,
databasechangelog,deployment_id,varchar,,
redcap,local_contato___3,int8,,
dataset,doenca_pulmonar,int4,,
dataset,data_cura_obito,date,,
contato,longitude,varchar,,
dataset,saturacao_o2,int4,,
dataset,doenca_hepatica,int4,,
instituicao_ensino,escola,varchar,,
sivep_srag,co_rg_resi,varchar,,
sivep_srag,cardiopati,varchar,,
redcap,munic_ro_not,float8,,
dataset,mialgia,int4,,
covid19,sintomas___15,text,,
dataset,contato_suspeito,int4,,
covid19,class_previa,text,,
notificacao_sivep,criterio_classificacao,int4,,
sivep_srag,pcr_outro,varchar,,
teste_covid,row.names,text,,
dataset,cianose,int4,,
datasetcomorbidades,quantidade,float8,,
datasetcomorbidades,regional,text,,
sivep_sg,out_agent,varchar,,
redcap,uf_resiid,float8,,
metabase_table,show_in_getting_started,bool,,
covid19,sintomas___16,text,,
sivep_srag,pac_cocbo,varchar,,
sivep_srag,classi_out,varchar,,
report_dashboardcard,col,int4,,
qrtz_simprop_triggers,bool_prop_2,bool,,
monitoramento,numero,int4,,
redcap,munic_ms,float8,,
notificacao_sivep,coleta_amostra,int4,,
redcap,munic_sc_not,float8,,
sivep_srag,pcr_adeno,varchar,,
dependency,dependent_on_id,int4,,
qrtz_triggers,job_data,bytea,,
metabase_database,options,text,,
redcap,auto_clas_final,int8,,
covid19,sus,text,,
sivep_srag,dt_nasc,timestamp,,
notificacao,nome_hospital,varchar,,
agendamento,participante_pesquisa,int4,,
monitoramento,cep,varchar,,
notificacao_sivep,data_nascimento,timestamp,,
dadosagrupadosc,nu_longitude,float8,,
notificacao,idade,int4,,
notificacao_redcap,cnes_unidade_notifica,text,,
notificacao,resultado_enviado,int4,,
revision,model_id,int4,,
covid19,result_lrn_2,text,,
cnes,esferass,varchar,,
dataset,nausea_vomitos,int4,,
covid19,sintomas___1,text,,
redcap,nome_not,text,,
activity,topic,varchar,,
dadosagrupados,populacao,float8,,
redcap,munic_al,float8,,
notificacao_redcap,manchas_vermelhas,int4,,
redcap,local_contato___5,int8,,
notificacao_sivep,id_externa,varchar,,
redcap,munic_ap,float8,,
notificacao_sivep,rash_paciente_2,bpchar,,
notificacao_redcap,rash_paciente,bpchar,,
sivep_srag,outro_des,varchar,,
sivep_srag,amostra,varchar,,
redcap,munic_pe_not,float8,,
notificacao,outros_sintomas,text,,
notificacao_redcap,data_alta,timestamp,,
sivep_srag,nm_logrado,varchar,,
notificacao_sivep,bairro_residencia,varchar,,
raiox_torax,raiox_torax,varchar,,
metabase_table,description,text,,
sivep_srag,outro_sin,varchar,,
sivep_sg,imc,varchar,,
qrtz_triggers,priority,int4,,
notificacao_sivep,cpf,text,,
collection,namespace,varchar,,
agendamento,posto_coleta_id,int4,,
situacao_monitoramento,situacao_monitoramento,varchar,,
log_api,user_logged,json,,
notificacao_sivep,email_notificador,text,,
dataset,congestao_nasal,int4,,
local_contato_confirmado,local_contato_confirmado,varchar,,
notificacao_sivep,adinamia,int4,,
covid19,sintomas___21,text,,
contato,nome,varchar,,
metabase_field,last_analyzed,timestamptz,,
cnes,cd_enderec,varchar,,
sivep_sg,lab_pcr,varchar,,
covid19,local_contato___4,text,,
redcap,munic_ma_not,float8,,
cnes,lo_unid_id,varchar,,
instituicao_ensino,codigo_inep,varchar,,
redcap,resid_brasil,float8,,
databasechangelog,description,varchar,,
posto_coleta,status,int4,,
pg_stat_statements,local_blks_read,int8,,
redcap,sit_saude,float8,,
user,created_at,timestamp,,
resultados_gal,exame,int4,,
redcap,viagem_outro_local,float8,,
dadosagrupadosa,casos,float8,,
notificacao_redcap,local_contato_suspeito_descricao,text,,
sivep_srag,saturacao,varchar,,
covid19,local_contato_confirm___2,text,,
notificacao_sivep,metodo,text,,
notificacao_sivep,nome_mae,text,,
notificacao_redcap,gestante_alto_risco,int4,,
redcap,munic_pa_not,float8,,
covid19,internacao_sus,varchar,,
sivep_srag,antiviral,varchar,,
sivep_srag,imunodepre,varchar,,
usuario,telefone,bpchar,,
notificacao_sivep,nome_notificador,text,,
sivep_srag,pos_pcrflu,varchar,,
sivep_sg,cod_uf,varchar,,
notificacao_redcap,passaporte,text,,
sivep_srag,id_pais,varchar,,
sivep_srag,ds_pcr_out,varchar,,
sivep_srag,histo_vgm,varchar,,
sivep_srag,dt_if,timestamp,,
notificacao,telefone_notificador,varchar,,
notificacao_sivep,data_ida_local,timestamp,,
redcap,munic_to_not,float8,,
sivep_srag,dt_saiduti,timestamp,,
covid19,tipo_leito,varchar,,
redcap,unidade_not,text,,
dataset,dificuldade_deglutir,int4,,
sivep_srag,dt_doseuni,timestamp,,
sivep_sg,nom_lograd,varchar,,
notificacao_redcap,dispneia,int4,,
report_dashboard,position,int4,,
segment,created_at,timestamptz,,
covid19,mialgia,varchar,,
covid19,mae,text,,
covid19,contato_suspeito,text,,
pg_stat_statements,stddev_time,float8,,
notificacao,cns,varchar,,
redcap,dt_result_metagen,float8,,
cnes,descestab,varchar,,
monitoramento,data_fim,timestamp,,
sivep_srag,dt_2_dose,timestamp,,
core_user,password,varchar,,
notificacao_sivep,dor_garganta,int4,,
redcap,morbidades___3,int8,,
teste_covid,populacao,float8,,
notificacao_sivep,hospitalizado,int4,,
redcap,local_contato_confirm___1,int8,,
redcap,local_contato_outro,text,,
sivep_sg,observa,varchar,,
query_execution,hash,bytea,,
dadosagrupadosa,regional,text,,
covid19,nome,text,,
sivep_sg,raca,varchar,,
resultados_gal,no_bairro,bpchar,,
notificacao_redcap,rash_paciente_1,bpchar,,
sivep_sg,se_prisint,varchar,,
notificacao_redcap,tomografia_descricao,text,,
sivep_sg,zona,varchar,,
notificacao_redcap,telefone_paciente,text,,
notificacao_sivep,historico_viagem,int4,,
usuario,ocupacao,int4,,
redcap,nome_lab,text,,
dadosagrupadosc,cidade,text,,
dadosagrupadosc,acumulado,float8,,
redcap,munic_pi,float8,,
core_user,date_joined,timestamptz,,
report_card,query_type,varchar,,
redcap,sintomas___18,int8,,
redcap,regiao_resid,text,,
redcap,munic_ac_not,float8,,
resultados_gal,data_liberacao,date,,
surto,num_aprox_exposto,int4,,
activity,timestamp,timestamptz,,
sivep_srag,id_mn_resi,varchar,,
sivep_srag,cs_raca,varchar,,
notificacao_sivep,ganglios_linfaticos,int4,,
notificacao_redcap,data_retorno_local,timestamp,,
resultados_gal,co_cnes,bpchar,,
metabase_field,position,int4,,
dadosagrupadosb,infectados,float8,,
notificacao,numero_empresa,bpchar,,
notificacao_sivep,ibge_residencia,varchar,,
instituicao_ensino,apmf_cnpj,varchar,,
segment,caveats,text,,
notificacao_sivep,tabagismo,int4,,
covid19,local_contato_confirm___4,text,,
dadosagrupadosc,media,float8,,
covid19,sintomas___5,text,,
sivep_srag,if_para2,varchar,,
redcap,norte_uf,float8,,
collection,location,varchar,,
revision,is_creation,bool,,
dadosagrupadosc,data_coleta,date,,
dadosagrupadosd,obitos,float8,,
redcap,res_ncov,float8,,
resultado_gal_sivep,data_liberacao,date,,
sivep_sg,ifi_vrs,varchar,,
semana_epidemiologica,co_ano,varchar,,
sivep_srag,sem_pri,varchar,,
dependency,model_id,int4,,
covid19,contato,text,,
redcap,sinais___9,int8,,
metabase_table,updated_at,timestamptz,,
sivep_srag,pos_if_out,varchar,,
redcap,munic_mt,float8,,
notificacao,cnpj_empresa,bpchar,,
query_execution,running_time,int4,,
covid19,sintomas___19,text,,
resultado_gal_script,sexo_gal,bpchar,,
redcap,munic_mg_not,float8,,
collection_revision,before,text,,
notificacao,rash_paciente_2,bpchar,,
sivep_sg,escolarid,varchar,,
qrtz_fired_triggers,requests_recovery,bool,,
sivep_srag,obesidade,varchar,,
sexo,sexo,varchar,,
dadosagrupadosd,casos,float8,,
covid19,tempo_resultado,text,,
notificacao_redcap,possui_cpf,int4,,
notificacao_sivep,outros_sintomas,text,,
instituicao_ensino,municipio,varchar,,
uso_antiviral,uso_antiviral,varchar,,
sivep_srag,pcr_flubli,varchar,,
pesquisa_gal,pesquisa_gal,varchar,,
notificacao,bairro_residencia,varchar,,
sivep_srag,raiox_out,varchar,,
query_execution,native,bool,,
core_user,locale,varchar,,
notificacao_redcap,local_viagem,text,,
notificacao,cpf,varchar,,
covid19,longitude,text,,
metric,definition,text,,
municipio,co_uf,varchar,,
estabelecimento,estabelecimento,varchar,,
notificacao,email_notificador,varchar,,
dadosagrupadosc,infectados,float8,,
notificacao,latitude_residencia,varchar,,
sivep_srag,id_municip,varchar,,
dataset,calafrios,int4,,
covid19,result_lrn,text,,
sivep_sg,nom_bairro,varchar,,
notificacao_sivep,sexo,int4,,
resultado_gal_script,data_coleta,date,,
qrtz_job_details,job_data,bytea,,
notificacao_sivep,asas_nasais,int4,,
covid19,coletou_amostra,text,,
dadosagrupadosb,media,float8,,
redcap,sintomas___11,int8,,
notificacao_sivep,uso_antiviral,int4,,
query_execution,executor_id,int4,,
pg_stat_statements,blk_read_time,float8,,
notificacao_redcap,tosse,int4,,
sivep_srag,dt_ut_dose,timestamp,,
dadosagrupadosb,data_coleta,date,,
tipo_contato,tipo_contato,varchar,,
notificacao,api_cad_sus,int4,,
agendamento,data_fim,timestamp,,
redcap,data_ida_wuhan,text,,
instituicao_ensino,telefone,varchar,,
notificacao_redcap,status_notificacao,int4,,
sivep_sg,ifi_para1,varchar,,
metric,description,text,,
notificacao,nome_mae,varchar,,
covid19,ficha_de_notificao_para_casos_suspeitos_de_novo_co_complete,text,,
cnes,tx_bairro,varchar,,
log_aws,data_fim,timestamp,,
parametro,smtp_email,bpchar,,
resultados_gal,nome_unidade,bpchar,,
covid19,sinais___2,text,,
notificacao,nome_notificador,varchar,,
pg_stat_statements,shared_blks_written,int8,,
report_dashboard,name,varchar,,
parametro,usa_proxy_api_cadsus,int4,,
computation_job_result,permanence,varchar,,
redcap,sintomas___14,int8,,
monitoramento,nome_esf,varchar,,
sivep_srag,garganta,varchar,,
group_table_access_policy,attribute_remappings,text,,
log_aws,data_envio,timestamp,,
sivep_srag,suport_ven,varchar,,
metabase_database,auto_run_queries,bool,,
notificacao_sivep,pais_residencia,varchar,,
covid19,outro_v_rus_metagen,text,,
teste_covid,nu_latitude,float8,,
user,password,varchar,,
risco,pvalor,float8,,
dataset,diabetes,int4,,
view_log,model_id,int4,,
notificacao_redcap,hipertensao,int4,,
contato,data_registro,timestamp,,
dadosagrupadosd,mediaobitos,float8,,
covid19,trimestre,text,,
core_user,last_login,timestamptz,,
covid19,raio_x_torax,varchar,,
termo_instituicao,nome_municipio,bpchar,,
redcap,data_alta,text,,
dadosagrupados,obitosacumulados,float8,,
pulse,name,varchar,,
posto_coleta,nome,varchar,,
databasechangelog,labels,varchar,,
redcap,outro_especific,float8,,
covid19,tel_paciente,text,,
notificacao_sivep,caso_fonte,text,,
sivep_srag,dt_antivir,timestamp,,
tipo_paciente,tipo_paciente,varchar,,
redcap,centro_oeste_uf,float8,,
qrtz_cron_triggers,cron_expression,varchar,,
core_session,created_at,timestamptz,,
sivep_srag,requi_gal,varchar,,
redcap,sintomas___4,int8,,
sivep_srag,pcr_para2,varchar,,
dimension,created_at,timestamp,,
dataset,irritabilidade_confusao,int4,,
risco,cidades,text,,
notificacao_sivep,nome_hospital,text,,
notificacao_sivep,ocupacao_notificador,int4,,
semana_epidemiologica,dt_final,timestamp,,
resultados_gal,co_etnia,int4,,
notificacao_sivep,idade,int4,,
sivep_srag,pcr_para1,varchar,,
notificacao,data_nascimento,date,,
resultados_gal,no_mae,bpchar,,
redcap,enviou_metagen,float8,,
metric,show_in_getting_started,bool,,
redcap,munres,float8,,
sivep_srag,dt_pcr,timestamp,,
covid19,estado,text,,
teste_covid,incidencia,float8,,
revision,object,varchar,,
notificacao,id_externa,bpchar,,
dadosagrupadosb,acumulado,float8,,
dadosagrupadosb,cidade,text,,
sivep_srag,co_uni_not,varchar,,
usuario,ibge,bpchar,,
resultados_gal,data_recebimento,date,,
classificacao_monitoramento,classificacao_monitoramento,varchar,,
notificacao,raiox_torax_descricao,text,,
usuario,equipe_monitoramento,int4,,
sivep_srag,desc_resp,varchar,,
resultado_gal_script,data_nascimento_notifica,bpchar,,
sivep_srag,mae_vac,varchar,,
teste_covid,acumulado,float8,,
teste_covid,cidade,text,,
contato,cep,varchar,,
sivep_srag,nu_cpf,varchar,,
notificacao_redcap,data_entrada,timestamp,,
dadosagrupadosb,incidencia,float8,,
query,average_execution_time,int4,,
sivep_srag,pcr_boca,varchar,,
redcap,nacionalidade,float8,,
notificacao_redcap,congestao_nasal,int4,,
user,observacoes,text,,
notificacao_redcap,local_contato_confirmado,int4,,
redcap,origem_not,float8,,
dadosagrupadosc,populacao,float8,,
covid19,data_isola,date,,
datasetsintomas,quantidade,float8,,
notificacao_sivep,tipo_internacao,int4,,
redcap,local_contato___2,int8,,
computation_job,ended_at,timestamp,,
usuario,codigo_sms,int4,,
datasetsintomas,regional,text,,
sivep_srag,cs_gestant,varchar,,
cnes,no_razao_s,varchar,,
redcap,munic_ac,float8,,
covid19,fonte,text,,
redcap,outro_especific_3,float8,,
sivep_srag,classi_fin,varchar,,
segment,definition,text,,
sivep_srag,nu_idade_n,varchar,,
notificacao_redcap,raiox_torax,int4,,
dadosagrupados,nu_longitude,float8,,
resultados_gal,co_seq_exame,bpchar,,
metabase_database,points_of_interest,text,,
notificacao,frequentou_unidade_descricao,text,,
sivep_srag,if_para1,varchar,,
redcap,munic_al_not,float8,,
dimension,type,varchar,,
redcap,munnot,float8,,
covid19,dados_laboratoriais_e_classificao_final_do_caso_complete,text,,
paciente_institucionalizado,paciente_institucionalizado,varchar,,
cbo,valor,varchar,,
collection,description,text,,
qrtz_fired_triggers,job_group,varchar,,
pg_stat_statements,dbid,oid,,
parametro,usuario_email,bpchar,,
redcap,dt_receb_lrn,text,,
sivep_srag,tp_idade,varchar,,
redcap,obito,float8,,
contato,numero,int4,,
redcap,munic_pa,float8,,
sivep_srag,febre,varchar,,
notificacao_sivep,frequentou_unidade_cnes,text,,
cnes,tx_numero_,varchar,,
estabelecimento,ibge,varchar,,
dadosagrupadosb,nu_latitude,float8,,
metodo,metodo,varchar,,
parametro,token_arcgis,bpchar,,
monitoramento,nome_acs,varchar,,
covid19,local_contato___3,text,,
segment,description,text,,
notificacao_redcap,cianose,int4,,
sivep_srag,sind_down,varchar,,
sivep_srag,dt_vac_mae,timestamp,,
redcap,ocupacao_outros,text,,
notificacao_sivep,etnia,varchar,,
alerta,valor,varchar,,
notificacao_sivep,cep_residencia,varchar,,
sivep_srag,cod_idade,varchar,,
sivep_sg,hepatica,varchar,,
resultado_gal_sivep,classificacao_final,int4,,
notificacao_redcap,mialgia,int4,,
qrtz_job_details,is_nonconcurrent,bool,,
notificacao_redcap,contato_suspeito,int4,,
sivep_srag,diarreia,varchar,,
resultado_gal_sivep,requisicao,bpchar,,
redcap,munic_sc,float8,,
qrtz_triggers,end_time,int8,,
posto_coleta,complemento,varchar,,
sivep_sg,tp_amostra,varchar,,
redcap,sintomas___3,int8,,
qrtz_triggers,next_fire_time,int8,,
resultados_gal,data_cadastro,date,,
sivep_srag,dt_entuti,timestamp,,
surto,logradouro_numero,int4,,
covid19,sinais___7,text,,
teste_covid,data_coleta,date,,
usuario,cnpj,bpchar,,
sivep_sg,fin_subt,varchar,,
sivep_srag,dt_encerra,timestamp,,
redcap,data_recebe_amostra,text,,
covid19,local_metagenomica,text,,
covid19,morbidades___7,text,,
risco,reproducao,float8,,
metabase_field,active,bool,,
resultado_gal_sivep,data_cadastro,date,,
notificacao_sivep,data_coleta,timestamp,,
core_user,last_name,varchar,,
notificacao_sivep,lab_executor,text,,
revision,model,varchar,,
teste_covid,media,float8,,
metabase_field,special_type,varchar,,
pg_stat_statements,mean_time,float8,,
computation_job,context,text,,
redcap,sinais___6,int8,,
redcap,outro_especific_4,float8,,
qrtz_simprop_triggers,str_prop_1,varchar,,
notificacao_sivep,gestante,int4,,
notificacao_redcap,nausea_vomitos,int4,,
metabase_database,metadata_sync_schedule,varchar,,
report_card,result_metadata,text,,
dataset,manchas_vermelhas,int4,,
covid19,vent_mec,text,,
posto_coleta,logradouro,varchar,,
monitoramento,outra_relacao_contato,varchar,,
resultados_gal,requisicao,bpchar,,
segment,show_in_getting_started,bool,,
covid19,co_seq_examereq,text,,
notificacao_redcap,ibge_hospital,text,,
covid19,sintomas___23,text,,
notificacao_sivep,uf_unidade_notifica,text,,
redcap,morbidades___8,int8,,
report_card,dataset_query,text,,
notificacao_sivep,uf_hospital,text,,
resultados_gal,cpf_paciente,bpchar,,
risco,datas,date,,
databasechangelog,md5sum,varchar,,
usuarios_gsus,cnes,bpchar,,
notificacao_redcap,infeccao_hiv,int4,,
notificacao,logradouro_empresa,bpchar,,
notificacao_sivep,tiragem_intercostal,int4,,
redcap,sul_uf,float8,,
resultados_gal,rash_paciente,bpchar,,
notificacao,nome_unidade_notifica,varchar,,
notificacao_redcap,sindrome_down,int4,,
sivep_sg,tosse,varchar,,
notificacao_sivep,raca_cor,int4,,
sivep_srag,lab_if,varchar,,
sivep_sg,pcr_para3,varchar,,
municipio,pop_40_49,int4,,
notificacao,data_chegada_estado,date,,
metabase_database,timezone,varchar,,
redcap,munic_df,float8,,
redcap,local_contato___4,int8,,
redcap,sintomas___21,int8,,
metric,created_at,timestamptz,,
notificacao,data_chegada_brasil,date,,
dataset,artralgia,int4,,
teste_covid,infectados,float8,,
covid19,resid_brasil,text,,
notificacao_redcap,data_encerramento,timestamp,,
criterio_classificacao,criterio_classificacao,varchar,,
notificacao_sivep,puerperio,int4,,
notificacao_redcap,exame,text,,
covid19,viagem_outro_local,text,,
redcap,local_contato_confirm___2,int8,,
notificacao_sivep,excluir_ficha,int4,,
collection_revision,remark,text,,
core_user,updated_at,timestamp,,
sivep_sg,out_friscd,varchar,,
covid19,sit_saude,text,,
notificacao_redcap,doenca_pulmonar,int4,,
usuario,usuario,bpchar,,
notificacao_redcap,data_cura_obito,float8,,
notificacao_redcap,saturacao_o2,int4,,
monitoramento,data_encerramento,timestamp,,
notificacao_redcap,doenca_hepatica,int4,,
usuario,cbo_monitoramento,varchar,,
sivep_srag,pcr_para4,varchar,,
cnes,tx_fax,varchar,,
cbo_monitoramento,cbo_monitoramento,varchar,,
resultado_gal_sivep,rash_paciente,bpchar,,
redcap,class_previa,int8,,
notificacao_redcap,uso_antiviral_descricao,text,,
notificacao_redcap,local_contato_suspeito,int4,,
sivep_sg,cod_etnia,varchar,,
sivep_sg,pcr_resul,varchar,,
computation_job_result,updated_at,timestamp,,
notificacao_sivep,ocupacao_descricao,varchar,,
contato,uf,varchar,,
redcap,sintomas___15,int8,,
metabase_database,is_on_demand,bool,,
covid19,uf_resiid,text,,
dadosagrupadosc,incidencia,float8,,
sivep_srag,nm_complem,varchar,,
dadosagrupadosb,populacao,float8,,
notificacao_sivep,data_notificacao,timestamp,,
falha_envio,record_id,varchar,,
sivep_sg,out_antiv,varchar,,
redcap,sintomas___16,int8,,
alerta,email,varchar,,
sivep_srag,out_amost,varchar,,
metric,caveats,text,,
notificacao_redcap,evolucao,int4,,
sivep_sg,pac_avesu,varchar,,
sivep_srag,criterio,varchar,,
resultado_gal_script,ficha_id,int4,,
parametro,usa_teste,bpchar,,
cnes,co_tipo_un,varchar,,
query_execution,card_id,int4,,
sivep_sg,num_regist,varchar,,
resultado_gal_script,nome_mae_gal,bpchar,,
monitoramento_contato,sintomas,varchar,,
covid19,auto_clas_final,text,,
sivep_sg,se_coleta,varchar,,
core_user,reset_triggered,int8,,
notificacao_sivep,id,varchar,,
dataset,neoplasia,int4,,
sivep_sg,vacina,varchar,,
cnes,tx_complem,varchar,,
metabase_database,is_sample,bool,,
instituicao_ensino,etapas_modalidade_ensino_oferecidas,varchar,,
notificacao_redcap,doenca_neurologica,int4,,
notificacao,observacao,text,,
usuario,cpf,bpchar,,
notificacao_sivep,motivo_exclusao,text,,
parametro,url_sistema,bpchar,,
notificacao,email_paciente,bpchar,,
redcap,sus,text,,
dashboardcard_series,position,int4,,
sivep_srag,reg_prof,varchar,,
sivep_srag,renal,varchar,,
notificacao_redcap,nome_caso_fonte,text,,
setting,value,text,,
sivep_sg,pcr_vrs,varchar,,
collection_revision,created_at,timestamp,,
sivep_srag,nu_cep,varchar,,
notificacao_sivep,tomografia,int4,,
data_migrations,timestamp,timestamp,,
covid19,nome_not,text,,
redcap,sintomas___1,int8,,
dadosagrupadosc,nu_latitude,float8,,
covid19,local_contato___5,text,,
instituicao_ensino,dependencia_administrativa,varchar,,
redcap,result_lrn_2,float8,,
notificacao,pais_municipio_residencia,varchar,,
notificacao_redcap,data_1o_sintomas,timestamp,,
notificacao_redcap,etnia,int4,,
notificacao_sivep,cianose,int4,,
notificacao,data_isolamento,date,,
contato,nome_mae,varchar,,
resultado_gal_script,nome_mae_notifica,bpchar,,
covid19,outros_sinais,text,,
notificacao_redcap,cep_residencia,text,,
sivep_sg,pcr_outro,varchar,,
agendamento,id,int8,,
covid19,temperatura,text,,
notificacao_sivep,mialgia,int4,,
notificacao,data_liberacao,date,,
usuario,posto_coleta_id,int4,,
activity,model_id,int4,,
notificacao_sivep,contato_suspeito,int4,,
parametro,usa_proxy_api_gal,int4,,
report_card,description,text,,
sivep_sg,pac_cocbo,varchar,,
tipo_internacao,tipo_internacao,varchar,,
municipio,nu_latitude,varchar,,
metabase_database,description,text,,
contato,endereco,varchar,,
sivep_sg,pcr_adeno,varchar,,
log_aws,id,int4,,
notificacao,bairro_empresa,bpchar,,
surto,logradouro,varchar,,
notificacao_redcap,data_coleta,timestamp,,
monitoramento,data_inicio,timestamp,,
contato,cpf,varchar,,
query_execution,database_id,int4,,
qrtz_simple_triggers,repeat_interval,int8,,
notificacao_redcap,lab_executor,text,,
permissions_revision,remark,text,,
pulse_channel,channel_type,varchar,,
dadosagrupados,obitos,float8,,
sivep_sg,dt_nasc,timestamp,,
pulse_channel,enabled,bool,,
sivep_srag,nu_notific,varchar,,
pulse,archived,bool,,
cnes,status_est,varchar,,
sivep_srag,dt_notific,timestamp,,
covid19,amostra,text,,
notificacao_sivep,nausea_vomitos,int4,,
sivep_srag,flubli_out,varchar,,
notificacao_redcap,gestante,int4,,
municipio,pop_50_59,int4,,
core_user,google_auth,bool,,
segment,points_of_interest,text,,
databasechangelog,tag,varchar,,
qrtz_job_details,is_durable,bool,,
redcap,outro_local_descritivo,text,,
qrtz_fired_triggers,state,varchar,,
collection,slug,varchar,,
sivep_srag,pos_pcrout,varchar,,
covid19,local_contato_confirm___5,text,,
notificacao_sivep,ibge_hospital,varchar,,
notificacao_redcap,uf_unidade_notifica,text,,
metabase_database,details,text,,
contato,data_nascimento,date,,
equipe_monitoramento,status,int4,,
covid19,dt_nasc,date,,
covid19,data_volta_wuhan,date,,
pulse,alert_condition,varchar,,
equipe_monitoramento,nome_equipe,varchar,,
report_dashboard,archived,bool,,
contato,bairro,varchar,,
redcap,dt_obito,float8,,
posto_coleta,dias_semana_atendimento,varchar,,
notificacao_sivep,data_entrada,timestamp,,
dadosagrupadosa,incidencia,float8,,
collection,color,bpchar,,
notificacao_sivep,local_contato_confirmado,int4,,
notificacao_sivep,congestao_nasal,int4,,
dataset,adinamia,int4,,
notificacao_redcap,tipo_internacao,int4,,
core_user,is_active,bool,,
notificacao,numero_residencia,varchar,,
log_aws,msg,text,,
sivep_srag,lab_pcr,varchar,,
redcap,ocupacao,float8,,
report_cardfavorite,updated_at,timestamptz,,
user,restricao_dados_proprios,int2,,
notificacao_sivep,raiox_torax,int4,,
report_dashboardcard,sizeX,int4,,
covid19,sintomas___13,text,,
febre,febre,varchar,,
core_user,reset_token,varchar,,
informativo,nome_arquivo,bpchar,,
parametro,usa_proxy_cep,int4,,
covid19,sintomas___9,text,,
covid19,sintomas___10,text,,
native_query_snippet,archived,bool,,
qrtz_simprop_triggers,str_prop_3,varchar,,
report_dashboardcard,updated_at,timestamptz,,
redcap,criterio,int8,,
redcap,dt_result_lrn,text,,
permissions_revision,created_at,timestamp,,
sivep_sg,antiviral,varchar,,
notificacao_redcap,frequentou_unidade_cnes,text,,
sivep_sg,imunodepre,varchar,,
redcap,sintomas___22,int8,,
computation_job,created_at,timestamp,,
dadosagrupadosa,nu_latitude,float8,,
covid19,contato_confirm,text,,
notificacao_sivep,local_contato_suspeito,int4,,
notificacao_sivep,uso_antiviral_descricao,text,,
notificacao_redcap,ocupacao_descricao,text,,
sivep_srag,id_rg_inte,varchar,,
redcap,cep_resid,text,,
covid19,sexo,text,,
redcap,data_chegada_brasil,text,,
databasechangeloglock,locked,bool,,
sivep_sg,idade,varchar,,
sivep_sg,fin_flu,varchar,,
covid19,morbidades___5,text,,
teste_covid,regional,float8,,
covid19,uso_antiviral,varchar,,
tipo_paciente_institucionalizado,tipo_paciente_institucionalizado,varchar,,
log_aws,data_inicio,timestamp,,
covid19,sintomas___7,text,,
resultados_gal,nu_endereco,bpchar,,
covid19,result_lacen,text,,
dadosagrupadosa,populacao,float8,,
notificacao_redcap,data_notificacao,timestamp,,
sivep_sg,puerpera,varchar,,
notificacao,local_contato_confirmado_descricao,text,,
agendamento,data_inicio,timestamp,,
notificacao_sivep,evolucao,int4,,
dadosagrupados,mediaobitos,float8,,
instituicao_ensino,outras_ofertas_educacionais,varchar,,
view_log,timestamp,timestamptz,,
sivep_sg,cod_unid,varchar,,
redcap,data_hospit,text,,
sivep_sg,cardiovasc,varchar,,
sivep_sg,pac_dscbo,varchar,,
sivep_srag,pneumopati,varchar,,
datasetsintomas,cidade,text,,
pulse_channel,schedule_frame,varchar,,
dadosagrupadosd,obitosacumulados,float8,,
covid19,outros_sintomas,text,,
notificacao_redcap,id,int4,,
cnes,cd_municip,varchar,,
parametro,token_redcap_teste,bpchar,,
redcap,qual_lrn,float8,,
contato,cns,varchar,,
redcap,munic_pi_not,float8,,
sivep_srag,hematologi,varchar,,
notificacao_redcap,motivo_exclusao,text,,
notificacao_sivep,doenca_neurologica,int4,,
sivep_srag,diabetes,varchar,,
redcap,munic_pr,float8,,
notificacao,logradouro_residencia,varchar,,
notificacao,numero_do,varchar,,
pulse_card,include_xls,bool,,
redcap,munic_rn_not,float8,,
cnes,cd_cnes,varchar,,
report_dashboard,collection_position,int2,,
notificacao_redcap,tomografia,int4,,
notificacao,data_recebimento,date,,
sivep_srag,tp_flu_pcr,varchar,,
redcap,munic_mt_not,float8,,
notificacao_sivep,data_1o_sintomas,timestamp,,
covid19,morbidades___9,text,,
sivep_srag,nm_mae_pac,varchar,,
query_execution,started_at,timestamptz,,
regional,co_macro_reg,varchar,,
notificacao_redcap,uf_hospital,text,,
dadosagrupados,casos,float8,,
sivep_srag,id_regiona,varchar,,
notificacao_sivep,infeccao_hiv,int4,,
covid19,sintomas___17,text,,
redcap,data_ida_outro,text,,
surto,instituicao_id,int4,,
sivep_sg,cod_munres,varchar,,
pg_stat_statements,local_blks_hit,int8,,
metabase_table,active,bool,,
redcap,dt_encerra,text,,
sivep_sg,dt_digita,timestamp,,
qrtz_fired_triggers,instance_name,varchar,,
notificacao_redcap,tiragem_intercostal,int4,,
covid19,outra_nacionalidade,text,,
covid19,sintomas___24,text,,
metabase_field,base_type,varchar,,
cbo,id,int4,,
notificacao_sivep,sindrome_down,int4,,
covid19,hospit,text,,
redcap,munic_ma,float8,,
sivep_sg,ifi_outro,varchar,,
pulse,collection_position,int2,,
covid19,dt_febre,date,,
notificacao_redcap,raca_cor,int4,,
computation_job,status,varchar,,
qrtz_simprop_triggers,bool_prop_1,bool,,
databasechangeloglock,lockgranted,timestamp,,
municipio,pop_5_9,int4,,
databasechangelog,liquibase,varchar,,
native_query_snippet,content,text,,
resultado,resultado,varchar,,
notificacao_sivep,data_encerramento,timestamp,,
notificacao_sivep,exame,text,,
notificacao_redcap,puerperio,int4,,
query_execution,pulse_id,int4,,
contato,celular,varchar,,
notificacao_redcap,excluir_ficha,int4,,
covid19,idade,text,,
pulse_channel,created_at,timestamptz,,
sivep_srag,id_unidade,varchar,,
resultados_gal,dt_nascimento,date,,
qrtz_triggers,description,varchar,,
log_api,data_received,json,,
parametro,token_redcap,bpchar,,
sivep_sg,sexo,varchar,,
metabase_fieldvalues,created_at,timestamptz,,
notificacao,monitoramento_id,int4,,
etnia,etnia,varchar,,
notificacao_sivep,data_cura_obito,timestamp,,
municipio,pop_30_39,int4,,
notificacao,outras_morbidades,text,,
notificacao_sivep,saturacao_o2,int4,,
notificacao_sivep,doenca_pulmonar,int4,,
parametro,senha_cadsus,bpchar,,
notificacao,descritivo_viagem,text,,
covid19,dag,text,,
notificacao_sivep,doenca_hepatica,int4,,
revision,message,text,,
resultados_gal,metodo,int4,,
resultados_gal,no_logradouro,bpchar,,
redcap,viagem,float8,,
covid19,latitude,text,,
sivep_sg,dor_gargan,varchar,,
dataset,obesidade,int4,,
qrtz_triggers,trigger_type,varchar,,
municipio,populacao,int4,,
permissions_revision,before,text,,
notificacao,paciente,varchar,,
sivep_sg,cod_lograd,varchar,,
sivep_sg,gestante,varchar,,
resultados_gal,nu_cep,bpchar,,
redcap,outro_especific_2,float8,,
metabase_field,fingerprint,text,,
sivep_srag,co_lab_if,varchar,,
sivep_srag,pcr_metap,varchar,,
qrtz_simprop_triggers,int_prop_2,int4,,
notificacao_sivep,data_retorno_local,timestamp,,
notificacao_redcap,ganglios_linfaticos,int4,,
usuarios_gsus,cpf,bpchar,,
notificacao_redcap,ibge_residencia,varchar,,
dadosagrupadosa,infectados,float8,,
covid19,local_contato_confirm___3,text,,
task_history,task_details,text,,
redcap,prof_not,text,,
notificacao_redcap,tabagismo,int4,,
redcap,telefone_notificador,text,,
cnes,flagdigita,varchar,,
sivep_srag,surto_sg,varchar,,
covid19,remedio,text,,
notificacao,data_cadastro,date,,
redcap,dt_notifica,text,,
redcap,munic_pe,float8,,
pg_stat_statements,shared_blks_dirtied,int8,,
redcap,sinais___4,int8,,
redcap,unidade_saude_exp_dados,text,,
usuario,status,int4,,
redcap,morbidades___2,int8,,
ocupacao,ocupacao,varchar,,
metabase_field,fingerprint_version,int4,,
alerta,tipo,varchar,,
sivep_srag,raiox_res,varchar,,
sivep_srag,sem_not,varchar,,
usuario,uf_unidade,int4,,
query_cache,updated_at,timestamptz,,
redcap,data_volta_outro,text,,
sivep_srag,pos_if_flu,varchar,,
parametro,proxy,text,,
notificacao,neoplasia,int4,,
label,name,varchar,,
sivep_sg,ifi_adeno,varchar,,
notificacao,cnes_hospital,varchar,,
redcap,morbidades___1,int8,,
dataset,diarreia,int4,,
pg_stat_statements,rows,int8,,
semana_epidemiologica,co_semana,int4,,
tomografia,tomografia,varchar,,
dataset,nu_longitude,float8,,
pulse_channel,schedule_day,varchar,,
notificacao,requisicao,varchar,,
query_execution,context,varchar,,
dataset,doenca_cardiovascular,int4,,
contato,ibge,varchar,,
usuario,cbo,int4,,
redcap,munic_rj_not,float8,,
redcap,exposicao_unidade_saude,float8,,
metabase_database,created_at,timestamptz,,
report_card,created_at,timestamptz,,
covid19,wuhan,text,,
redcap,sintomas___2,int8,,
redcap,sintomas___12,int8,,
dataset,congestao_conjuntiva,int4,,
informativo,arquivo,bytea,,
notificacao_sivep,passaporte,text,,
semana_epidemiologica,dt_inicio,timestamp,,
covid19,result_lacen_2,text,,
dataset,imunodeficiencia,int4,,
sivep_sg,pcr_sars2,varchar,,
notificacao_redcap,data_ida_local,timestamp,,
teste_covid,letalidade,float8,,
dataset,febre,int4,,
sivep_srag,asma,varchar,,
sivep_srag,sg_uf_not,varchar,,
sivep_sg,dt_prisint,timestamp,,
notificacao_sivep,dispneia,int4,,
sivep_srag,nosocomial,varchar,,
notificacao,co_seq_exame,varchar,,
redcap,nordeste_uf,float8,,
dadosagrupadosd,nu_longitude,float8,,
redcap,munic_ce_not,float8,,
dataset,cefaleia,int4,,
redcap,munic_pr_not,float8,,
redcap,sintomas___8,int8,,
notificacao_redcap,dor_garganta,int4,,
usuario,nivel,int4,,
datasetsintomas,nu_latitude,float8,,
sivep_srag,vomito,varchar,,
report_card,embedding_params,text,,
notificacao_redcap,hospitalizado,int4,,
sivep_sg,nome_prof,varchar,,
covid19,fxetaria,text,,
sivep_srag,neurologic,varchar,,
monitoramento,enfermeiro,varchar,,
monitoramento,local_trabalho,varchar,,
covid19,gestante,text,,
covid19,local_contato_outro2,text,,
redcap,sintomas___20,int8,,
covid19,municipio_hospital,varchar,,
sivep_srag,nu_telefon,varchar,,
sivep_sg,pcr_rino,varchar,,
covid19,class_lab,text,,
notificacao_sivep,rash_paciente_1,bpchar,,
dadosagrupadosb,regional,text,,
metabase_database,caveats,text,,
notificacao_sivep,telefone_paciente,varchar,,
covid19,local_contato___1,text,,
parametro,senha_api_gal,bpchar,,
covid19,data_coleta,date,,
report_dashboard,enable_embedding,bool,,
notificacao_sivep,tomografia_descricao,text,,
databasechangeloglock,lockedby,varchar,,
notificacao_redcap,historico_viagem,int4,,
redcap,contato_animais,float8,,
usuario,cnes,bpchar,,
redcap,munic_ba_not,float8,,
covid19,sinais___8,text,,
usuario,nome_unidade,bpchar,,
redcap,email_notificador,text,,
datasetcomorbidades,nu_longitude,float8,,
risco,nu_longitude,float8,,
periodo_gestacao,periodo_gestacao,varchar,,
redcap,cpf,text,,
sivep_sg,out_frisc,varchar,,
notificacao_redcap,pais_residencia,varchar,,
redcap,munic_am_not,float8,,
resultado_gal_sivep,resultado,int4,,
notificacao_sivep,hipertensao,int4,,
regional,no_regional,varchar,,
covid19,pais_resid,text,,
redcap,morbidades___4,int8,,
sivep_srag,dt_coleta,timestamp,,
raca_cor,raca_cor,varchar,,
redcap,munic_ro,float8,,
report_dashboard,updated_at,timestamptz,,
query_execution,dashboard_id,int4,,
dataset,coriza,int4,,
redcap,deslocamento,text,,
resultados_gal,cnes_municipio,bpchar,,
redcap,munic_es_not,float8,,
resultados_gal,resultado,int4,,
core_user,is_superuser,bool,,
report_dashboardcard,visualization_settings,text,,
notificacao_redcap,ocupacao_notificador,int4,,
databasechangelog,dateexecuted,timestamp,,
notificacao_redcap,nome_hospital,text,,
redcap,sinais___5,int8,,
native_query_snippet,updated_at,timestamptz,,
dadosagrupadosc,regional,text,,
surto,nome,varchar,,
redcap,result_metagen,float8,,
notificacao_redcap,idade,int4,,
computation_job,type,varchar,,
datasetsintomas,populacao,float8,,
dataset,contato_confirmado,int4,,
covid19,sintomas___6,text,,
redcap,endereco,text,,
notificacao,cnes_unidade_notifica,varchar,,
sivep_sg,telefone,varchar,,
metric,points_of_interest,text,,
dadosagrupadosa,acumulado,float8,,
covid19,puerperio,varchar,,
sivep_srag,out_morbi,varchar,,
activity,custom_id,varchar,,
redcap,sinais___3,int8,,
pg_stat_statements,query,text,,
dadosagrupadosa,cidade,text,,
notificacao,rash_paciente,bpchar,,
notificacao,unidade_solicitante_gal,bpchar,,
notificacao_sivep,possui_cpf,int4,,
notificacao_redcap,outros_sintomas,text,,
agendamento,ficha_id,int4,,
log_api,record_type,varchar,,
cnes,cd_bairro_,varchar,,
notificacao,data_confirmacao,timestamp,,
notificacao,data_alta,date,,
resultado_gal_script,data_nascimento_gal,bpchar,,
notificacao_sivep,local_viagem,varchar,,
qrtz_simprop_triggers,dec_prop_2,numeric,,
sivep_sg,cod_bairro,varchar,,
termo,codigo,int4,,
redcap,municipio_resid,text,,
estado,no_uf,varchar,,
parametro,porta_email,bpchar,,
covid19,sinais___1,text,,
notificacao_redcap,sexo,int4,,
notificacao_redcap,uso_antiviral,int4,,
metabase_field,updated_at,timestamptz,,
dataset,escarro,int4,,
notificacao_redcap,asas_nasais,int4,,
notificacao,nome_empresa,bpchar,,
notificacao_sivep,tosse,int4,,
cnes,cd_uf_esta,varchar,,
sivep_srag,co_mun_not,varchar,,
dataset,doenca_renal,int4,,
dadosagrupadosa,data_coleta,date,,
redcap,munic_ce,float8,,
redcap,classi_fim,float8,,
redcap,morbidades___6,int8,,
notificacao_sivep,status_notificacao,int4,,
notificacao,local_contato_suspeito_descricao,text,,
covid19,tomografia,varchar,,
log_notificacao,inserted_date,timestamp,,
covid19,dt_result,date,,
pulse_channel,details,text,,
covid19,semnot,text,,
redcap,nome_hospit,text,,
pulse,updated_at,timestamptz,,
escolaridade,escolaridade,varchar,,
sivep_srag,dt_evoluca,timestamp,,
posto_coleta,link_maps,varchar,,
surto,data,date,,
sivep_srag,hospital,varchar,,
risco,riscocasos,float8,,
cnes,tx_enderec,varchar,,
