co_pais,ds_pais,nome_pais,id_pais,abrev_nome
191,AFEGANISTAO,Afeganistão,v6wcyVNV4V,AF
140,AFRICA DO SUL,África do Sul,24fFspf56q,ZA
65,ALBANIA,Albânia,f957cRYl8B,AL
41,ALEMANHA,Alemanha,N1dLPO7chz,DE
201,ANDORRA,Andorra,CUcHSqHt6h,AD
31,ANGOLA,Angola,mNM95YCkVQ,AO
206,ANGUILLA,Anguilla,RZI6hlgfp4,AI
207,ANTARTIDA,Antártida,dQoVeM0Bdn,AQ
42,ANTIGUA E  BARBUDA,Antígua e Barbuda,8SaEFlM2OM,AG
59,ANTILHAS HOLANDESAS,Antilhas Holandesas,,
141,ARABIA SAUDITA,Arábia Saudita,gXejllZnZH,SA
66,ARGELIA,Argélia,MiVliImFPN,DZ
32,ARGENTINA,Argentina,4TfWMcHgkD,AR
142,ARMENIA,Armênia,xNQPwEx18a,AM
208,ARUBA,Aruba,TBNANv94EW,AW
92,AUSTRALIA,Austrália,TDtAuuh4qm,AU
143,AUSTRIA,Áustria,T21x8JETA5,AT
144,AZERBAIJAO,Azerbaijão,fbrYy7pzMs,AZ
52,BAHAMAS,Bahamas,KN6mwBRhXE,BS
93,BAHREIN,Bahrein,gzCLLJxeXM,BH
145,BANGLADESH,Bangladesh,xP8KStW7hF,BD
12,BARBADOS,Barbados,hYOeRgEHU0,BB
209,BELARUS,Belarus,jEH4AtBjMn,BY
43,BELGICA,Bélgica,02fnPCdfHF,BE
67,BELIZE,Belize,qj8NyfSXEG,BZ
146,BENIN,Benin,35wHdJ6Zfk,BJ
210,BERMUDAS,Bermudas,8g5lYYLKQa,BM
68,BOLIVIA,Bolívia,aZou9B2iuA,BO
147,BOSNIA-HERZEGOVINA,Bósnia-Herzegóvina,8SVZUmfVA7,BA
69,BOTSUANA,Botsuana,rxj9DpU40s,BW
1,BRASIL,Brasil,jxYJcJBdBh,BR
33,BRUNEI,Brunei,5B0wgvpQp7,BN
148,BULGARIA,Bulgária,XE2A3PrSx7,BG
149,BURKINA FASO,Burkina Fasso,fGBQpaOMan,BF
150,BURUNDI,Burundi,0XX5oNFsri,BI
61,BUTAO,Butão,QbY0ljOVje,BT
95,CABO VERDE,Cabo Verde,gO4fQzNXXm,CV
152,CAMAROES,Camarões,8hFDtpWx91,CM
13,CAMBOJA,Camboja,hcCcIpKABw,KH
96,CANADA,Canadá,wAwSpb89hK,CA
211,CANARIAS,Canárias,DUEqg2IX9G,IC
14,CAZAQUISTAO,Cazaquistão,Cz3xqD540u,KZ
212,CEUTA E MELILLA,Ceuta e Melilla,YY1KI0AU2y,EA
98,CHADE,Chade,3kidMyUudl,TD
192,CHILE,Chile,asuZ9EQ1aI,CL
193,CHINA,China,9fSFH5YUgy,CN
99,CHIPRE,Chipre,zmHCv3m0Ir,CY
151,COLOMBIA,Colômbia,ESzGdl1CLM,CO
215,COMORES,Comores,E2RRezcX5i,KM
153,CONGO,Congo,IykOWuGHZI,CG
195,COREIA DO NORTE,Coréia do Norte,Ku2n3qrMpp,KP
34,COREIA DO SUL,Coréia do Sul,MSznjGj7Gr,KR
154,COSTA DO MARFIM,Costa do Marfim,MrfvjgJHKy,CI
100,COSTA RICA,Costa Rica,McrEpu4BWI,CR
155,CROACIA,Croácia,D4rqDraOdk,HR
156,CUBA,Cuba,HiVPKf7T10,CU
216,CURACAO,Curaçao,wtcrxmJEPi,CW
217,DIEGO GARCIA,Diego Garcia,t3t3ZA0hF6,DG
196,DINAMARCA,Dinamarca,VJnjBkNS08,DK
60,DJIBUTI,Djibuti,ltk5IIhItZ,DJ
101,DOMINICA,Dominica,joi66i0euA,DM
102,EGITO,Egito,3Fy5Dylo52,EG
103,EL SALVADOR,El Salvador,xLFmgOmgYC,SV
157,EMIRADOS ARABES UNIDOS,Emirados Árabes Unidos,PHnFRk2M7J,AE
71,EQUADOR,Equador,LTJ9W3jGCR,EC
70,ERITREIA,Eritréia,8wgQN503Cc,ER
104,ESLOVAQUIA,Eslováquia,lKuXMp1PUk,SK
158,ESLOVENIA,Eslovênia,jGfZ4XIb2P,SI
44,ESPANHA,Espanha,E47uqkvCmv,ES
45,ESTADOS UNIDOS,Estados Unidos,zdD4jeNBi0,US
105,ESTONIA,Estônia,LEC3RaFuXu,EE
159,ETIOPIA,Etiópia,HQDk5EdGAD,ET
106,FIJI,Fiji,Szgqf6XiiA,FJ
107,FILIPINAS,Filipinas,9awB7fOxIP,PH
160,FINLANDIA,Finlândia,7xDdHwjwJW,FI
46,FRANCA,França,IgqAFF9DFY,FR
2,GABAO,Gabão,pGEUdGH0E6,GA
108,GAMBIA,Gâmbia,l0fXqPKPiW,GM
109,GANA,Gana,RmauUc0Z3O,GH
3,GEORGIA,Geórgia,uKpPj1qIc4,GE
218,GIBRALTAR,Gibraltar,oH5Z1a4z9U,GI
219,GRA-BRETANHA,"Grã-Bretanha (Reino Unido, UK)",mivDcvk7ZA,GB
161,GRANADA,Granada,6bvPTzO3bG,GD
162,GRECIA,Grécia,JaOHvUFNu2,GR
220,GROELANDIA,Groelândia,ArL466fCKj,GL
58,GUADALUPE,Guadalupe,H19KSGROmd,GP
221,GUAM,Guam,8BuqAVMxpe,GU
110,GUATEMALA,Guatemala,eDYZbdCu0E,GT
222,GUERNSEY,Guernsey,poJPaffsD9,GG
199,GUIANA,Guiana,XFLFIRDltL,GY
111,GUIANA FRANCESA,Guiana Francesa,oUjuf7C1Jw,GF
15,GUINE,Guiné,paPdGbqaDq,GN
112,GUINE-BISSAU,Guiné-Bissau,fsdziM7Xl2,GW
113,GUINE EQUATORIAL,Guiné Equatorial,rLxOQzuuTS,GQ
114,HAITI,Haiti,Za72Iyn0HI,HT
223,HOLANDA,Holanda,Qnwnv5sUBk,NL
72,HONDURAS,Honduras,oogJk4QOWv,HN
224,HONG KONG,Hong Kong,mNzDR4DZSN,HK
163,HUNGRIA,Hungria,krxtO6LOdk,HU
4,IEMEM,Iêmen,T1EBG7klft,YE
225,ILHA BOUVET,Ilha Bouvet,eEcrVy9PeR,BV
226,ILHA DE ASCENSAO,Ilha de Ascensão,U8jZIP1YYa,AC
227,ILHA DE CLIPPERTON,Ilha de Clipperton,ejl0YNa7DH,CP
228,ILHA DE MAN,Ilha de Man,NgAqETyONG,IM
229,ILHA NATAL,Ilha Natal,QyJ9qogWAF,CX
230,ILHA PITCAIRN,Ilha Pitcairn,lGXzOGEjBI,PN
231,ILHA REUNIAO,Ilha Reunião,sxtI16fBfU,RE
232,ILHAS ALAND,Ilhas Aland,C2oBIFEbQX,AX
233,ILHAS CAYMAN,Ilhas Cayman,baCcEQBWAY,KY
234,ILHAS COCOS,Ilhas Cocos,BEiBS0M43C,CC
202,ILHAS COMORES,Ilhas Comores,,
203,ILHAS COOK,Ilhas Cook,mYEcUS3jM5,CK
200,ILHAS FALKLAND,Ilhas Falkland,,
235,ILHAS FAROES,Ilhas Faroes,CHTFQYE3lc,FO
236,ILHAS GEORGIA DO SUL E SANDWICH DO SUL,Ilhas Geórgia do Sul e Sandwich do Sul,QbRvvIyHnp,GS
11,SOMALIA,Somália,uS4ZaEIREy,SO
237,ILHAS HEARD E MCDONALD,Ilhas Heard e McDonald (Território da Austrália),2MANTgVmHg,HM
238,ILHAS MALVINAS,Ilhas Malvinas,0t8L9zwFGk,FK
239,ILHAS MARIANAS DO NORTE,Ilhas Marianas do Norte,fgiXnMgJgF,MP
115,ILHAS MARSHAL,Ilhas Marshall,eaJD9agKF9,MH
240,ILHAS MENORES DOS ESTADOS UNIDOS,Ilhas Menores dos Estados Unidos,oIOWMNR2Az,UM
241,ILHAS NORFOLK,Ilhas Norfolk,lZRa6XKG6P,NF
130,ILHAS SALOMAO,Ilhas Salomão,9vMo02QcCk,SB
243,ILHAS TOKELAU,Ilhas Tokelau,0C3TUPh8R3,TK
244,ILHAS TURKS E CAICOS,Ilhas Turks e Caicos,zefcnJ0Z4Q,TC
245,ILHAS VIRGENS ESTADOS UNIDOS,Ilhas Virgens (Estados Unidos),tKTAYB9MU0,VI
246,ILHAS VIRGENS INGLATERRA,Ilhas Virgens (Inglaterra),Wyh8tPb8EJ,VG
164,INDIA,Índia,jZmECzz8qJ,IN
165,INDONESIA,Indonésia,Ny7dGyF3yE,ID
116,IRA,Irã,izkd75S7tz,IR
16,IRAQUE,Iraque,8rVXNRoCAK,IQ
17,IRLANDA,Irlanda,9txEPjz9xP,IE
18,ISLANDIA,Islândia,J3ZlQOmvBM,IS
54,ISRAEL,Israel,jsFghWmH8e,IL
19,ITALIA,Itália,SBOcvfQXbl,IT
166,JAMAICA,Jamaica,PYaLms8eQK,JM
55,JAPAO,Japão,S5dhrFNFy4,JP
247,JERSEY,Jersey,YiaZ69qyGZ,JE
167,JORDANIA,Jordânia,Co91gesAhT,JO
248,KIRIBATI,Kiribati,Dxbfl201uW,KI
249,KOSOVO,Kosovo,uIyCMxECzo,XK
47,KUWEIT,Kuait,ezoDpYk7L4,KW
73,LAOS,Laos,xRLPHnYstg,LA
74,LESOTO,Lesoto,Bt6NLW9NQA,LS
168,LETONIA,Letônia,jKa97ZKCUY,LV
75,LIBANO,Líbano,XtLf8QKOkX,LB
76,LIBERIA,Libéria,DVPpqJkSNf,LR
5,LIBIA,Líbia,qMZXKqoLSn,LY
20,LIECHTENSTEIN,Liechtenstein,wuy1BmWHCR,LI
118,LITUANIA,Lituânia,3BDTHvuEL9,LT
35,LUXEMBURGO,Luxemburgo,sMp6QJI3rG,LU
250,MACAU,Macau,uydxQOhSju,MO
119,MACEDONIA,Macedônia (República Yugoslava),BV7Hm0Fk43,MK
170,MADAGASCAR,Madagascar,52LdW88FKK,MG
171,MALASIA,Malásia,gRHjQNeGjQ,MY
120,MALAVI,Malaui,idcxMFIvGA,MW
36,MALDIVAS,Maldivas,j6Dgwme41e,MV
77,MALI,Mali,xfHLwwEt6Y,ML
172,MALTA,Malta,3sd4NiEkaE,MT
6,MARROCOS,Marrocos,Il7r6lBkvF,MA
251,MARTINICA,Martinica,ljNN6kKfW8,MQ
173,MAURICIO,Maurício,jRZrzFBQPJ,MU
121,MAURITANIA,Mauritânia,LYb3Wk9RQQ,MR
252,MAYOTTE,Mayotte,pbbDmSHH7c,YT
21,MEXICO,México,6TuStd4C4c,MX
174,MICRONESIA,Micronésia,1e8BBoDn9O,FM
22,MOCAMBIQUE,Moçambique,dXsBAWs00S,MZ
122,MOLDOVA,Moldova,mUzHEBYEIQ,MD
56,MONACO,Mônaco,W9AUj2abvu,MC
78,MONGOLIA,Mongólia,NFcj9bj4Mt,MN
253,MONTENEGRO,Montenegro,8p7df9uizs,ME
254,MONTSERRAT,Montserrat,gXwDDHDwh0,MS
62,MYANMA,Myanma,5cu9RpMRnc,MM
79,NAMIBIA,Namíbia,vY8SRr0cx9,NA
63,NAURU,Nauru,O4b95jlaK3,NR
123,NEPAL,Nepal,NmBulZQezm,NP
175,NICARAGUA,Nicarágua,zItlTAQKNA,NI
176,NIGER,Níger,0Sviwt0Ck1,NE
177,NIGERIA,Nigéria,SbipYl0XsF,NG
80,NIUE,Niue,oizJkpNVN0,NU
24,NORUEGA,Noruega,BzrYnPglrn,NO
255,NOVA CALEDONIA,Nova Caledônia,od3hndOjA6,NC
178,NOVA ZELANDIA,Nova Zelândia,EQCHE0Ta5p,NZ
179,OMA,Omã,jlqNioWSpk,OM
37,PAISES BAIXOS,Países Baixos Caribenhos,8wigM8ERhw,BQ
180,PALAU,Palau,l2eeeOAdXq,PW
256,PALESTINA,Palestina,9VjMnck9k1,PS
124,PANAMA,Panamá,sgCacVaOzD,PA
181,PAPUA NOVA GUINE,Papua-Nova Guiné,qxPBhZdQ6R,PG
125,PAQUISTAO,Paquistão,eq9d4YB5CW,PK
126,PARAGUAI,Paraguai,LgGorx5Bhz,PY
7,PERU,Peru,L8ll4MYe5m,PE
257,POLINESIA FRANCESA,Polinésia Francesa,Di2O8szCtW,PF
25,POLONIA,Polônia,MBXI4XhXdj,PL
57,PORTO RICO,Porto Rico,pS1FRSUjfD,PR
182,PORTUGAL,Portugal,qJ2gg1NFk0,PT
258,QATAR,Qatar,kQM7u4Xh48,QA
127,QUENIA,Quênia,GyEgO2ZGOV,KE
81,QUIRGUISTAO,Quirguistão,ggfqrXYXLz,KG
82,QUIRIBATI,Kiribati,,
38,REINO UNIDO,"Grã-Bretanha (Reino Unido, UK)",mivDcvk7ZA,GB
128,REPUBLICA CENTRO-AFRICANA,República Centro-Africana,bAOjqj1v5F,CF
259,REPUBLICA DEMOCRATICA DO CONGO,República Democrática do Congo,4iA49qPhKm,CD
129,REPUBLICA DOMINICANA,República Dominicana,4PlqVYpYdF,DO
26,REPUBLICA TCHECA,República Tcheca,CYAythPSNE,CZ
48,ROMENIA,Romênia,fWMyTasKBL,RO
205,RUANDA,Ruanda,bTcDcFAAh6,RW
49,RUSSIA,Rússia (antiga URSS) - Federação Russa,DG1XNeDf9S,RU
260,SAARA OCIDENTAL,Saara Ocidental,gXtCPVyXfL,EH
261,SAINT PIERRE E MIQUELON,Saint-Pierre e Miquelon,kZnPUenljK,PM
262,SAMOA AMERICANA,Samoa Americana,mwaH2thQ2P,AS
131,SAMOA OCIDENTAL,Samoa Ocidental,tSZV9uSl8P,WS
132,SAN MARINO,San Marino,vpsvndVO2X,SM
263,SANTA HELENA,Santa Helena,2RBxKD8ZEn,SH
27,SANTA LUCIA,Santa Lúcia,MFBm9YOmbB,LC
264,SAO BARTOLOMEU,São Bartolomeu,vsyU8fdRdu,BL
183,SAO CRISTOVAO E NEVES,São Cristóvão e Névis,n4lH6sqqe9,KN
265,SAO MARTIM,São Martim,jKlaX7Tako,MF
266,SAO MARTINHO,São Martinho,ReQaTxbEmj,SX
185,SAO TOME E PRINCIPE,São Tomé e Príncipe,yUEeRL9SFT,ST
184,SAO VICENTE E GRANABINAS,São Vicente e Granadinas,lLpuHCdjR6,VC
133,SENEGAL,Senegal,BEOCOn9vGb,SN
134,SERRA LEOA,Serra Leoa,gv6KKlTRhD,SL
204,SERVIA E MONTENEGRO,Sérvia,ZlO5V1x4ZW,RS
8,SEYCHELLES,Ilhas Seychelles,A2PQ6W4Ua5,SC
194,SINGAPURA,Cingapura,TqS9uMOlNv,SG
50,SIRIA,Síria,RuYa1Rj4SP,SY
135,SRI LANKA,Sri Lanka,vd4MZi2Poi,LK
83,SUAZILANDIA,Suazilândia,32faqMU6Go,SZ
28,SUDAO,Sudão,HTciIkRz7M,SD
267,SUDAO DO SUL,Sudão do Sul,K0GQgXw6N8,SS
23,SUECIA,Suécia,kqoHeJWhDt,SE
9,SUICA,Suíça,lbVzBtClHG,CH
84,SURINAME,Suriname,en0wbWMA2u,SR
268,SVALBARD,Svalbard,QTsJg2BU2Z,SJ
85,TADJIQUISTAO,Tadjiquistão,fePzXru8Yh,TJ
186,TAILANDIA,Tailândia,SYAp6P3aND,TH
187,TAITI,Taiti,,
29,TAIWAN (ILHA FORMOSA),Taiwan,tBxqzYFFyE,TW
86,TANZANIA,Tanzânia,zJeaDQrmKA,TZ
269,TERRITORIO BRITANICO DE OCEANO INDICO,Território Britânico do Oceano índico,kJoyfodg1Z,IO
270,TERRITORIOS DO SUL DA FRANCA,Territórios do Sul da França,IEMH4ON0n5,TF
198,TIMOR LESTE,Timor-Leste,nZTp7SLn43,TL
88,TOGO,Togo,4qdO9JuvtV,TG
89,TONGA,Tonga,qVhSUFWFog,TO
90,TRINIDAD E TOBAGO,Trinidad e Tobago,gIaNvwk79o,TT
271,TRISTAO DA CUNHA,Tristão da Cunha,F8gxGI3oON,TA
91,TUNISIA,Tunísia,ON0jYncOXc,TN
10,TURCOMENISTAO,Turcomenistão,DMmg3hYsCZ,TM
136,TURQUIA,Turquia,019sgczS4C,TR
64,TUVALU,Tuvalu,K46j8P8FY6,TV
39,UCRANIA,Ucrânia,GpP9qO4VjK,UA
188,UGANDA,Uganda,vAU22NQsvp,UG
137,URUGUAI,Uruguai,4fmba7EMIE,UY
30,UZBEQUISTAO,Uzbequistão,86zofXVtwB,UZ
189,VANUATU,Vanuatu,ufjtHDCAxg,VU
272,VATICANO,Vaticano,awPajuucX6,VA
138,VENEZUELA,Venezuela,bgK48mHCB2,VE
40,VIETNA,Vietnã,pC6RGwdmUc,VN
51,ZAIRE,Zaire,wOwqHnFjcp,WF
190,ZAMBIA,Zâmbia,UgkmzzBsXR,ZM
139,ZIMBABUE,Zimbábue,1QiQEYQKgk,ZW
